chroma_stft,spectral_centroid,spectral_bandwidth,rolloff,zero_crossing_rate,mfcc1,mfcc2,mfcc3,mfcc4,mfcc5,mfcc6,mfcc7,mfcc8,mfcc9,mfcc10,mfcc11,mfcc12,mfcc13,mfcc14,mfcc15,mfcc16,mfcc17,mfcc18,mfcc19,mfcc20,label
0.44803086,1455.886845119438,1678.4771119866632,2991.996707573092,0.05749136226784678,-396.987,122.79076,1.0888087,41.390705,-12.791134,21.982395,-5.4873466,14.275446,-0.8637222,-1.370474,6.790468,-2.5244668,6.3961987,-6.825392,10.959777,-1.3655251,2.456775,1.1885477,-1.3658308,1.6090518,No PD
0.42543477,1370.5331871433657,1721.4644619916864,2930.2904829545455,0.052558001893939395,-435.32758,131.07658,-2.1700397,49.321003,-17.246254,29.729723,-2.7791448,18.060385,-2.4744139,3.7042913,5.78915,-6.847492,8.639271,-8.145908,9.85999,-4.2444324,5.337262,2.5650616,0.08342137,-0.2573215,No PD
0.4084023,1538.9512556574364,1799.9886709722934,3463.440057051809,0.05771073190789474,-465.42,128.26503,-20.304987,60.577995,-20.186472,31.864794,-7.001173,17.626461,-3.824417,6.1887116,7.7899556,-4.8551598,10.94017,-4.9238763,17.152294,-2.2293165,8.981431,-1.2082607,-0.38256863,-0.16413255,No PD
0.49470904,1272.1245015572686,1674.9246743151762,2713.386426875159,0.04091493563836558,-384.058,84.24082,30.919302,23.150732,6.062621,14.796591,7.050995,11.42393,8.169546,2.7519565,6.785814,0.42864856,1.6783122,3.2782025,6.325322,4.688518,3.2680366,4.641687,2.3117228,0.04362993,No PD
0.44351062,1395.9002276116375,1762.2768453185313,3110.7340681187015,0.04689736744159414,-460.3456,118.54109,-5.219617,37.974926,-6.483355,24.5395,-2.2325366,16.537676,-0.70759994,3.454105,10.540233,-1.0776463,7.80052,-2.01074,14.016083,3.0225592,9.671853,4.0061975,-1.1771927,-0.37188327,No PD
0.39746553,1553.22120864783,1797.0871601032773,3528.2280245907546,0.05814476150051256,-444.2044,115.49392,-11.365033,52.476543,-18.851942,22.011372,-3.6474311,11.067134,-0.4217791,5.0381436,6.9900465,-3.548346,8.787338,-7.9756927,9.758826,0.49416822,2.9945576,0.4117404,0.6339229,-3.935615,No PD
0.42645758,1750.7392362770188,1864.2176047569847,3856.833920149136,0.07521287854834177,-428.69263,116.24153,-13.852946,50.225048,-18.393692,27.629387,-9.903946,10.518277,0.14308374,3.159646,9.585998,-1.5316719,7.825522,-7.017659,11.541929,-2.7981467,6.9052663,-0.48860556,-1.2473972,1.630636,No PD
0.36184588,1480.736208044484,1586.06069133166,3015.8260345458984,0.06591333661760602,-357.50018,137.90112,-19.08691,56.021812,-22.59025,22.204477,-4.8498564,7.9791555,-5.306053,-5.6786013,1.4913845,-5.8212023,6.564982,-15.871514,1.5701445,-7.0329933,-3.6627595,-0.6071592,-1.5101026,-1.6286329,No PD
0.31713453,1931.8525315898992,1750.7783714201391,3911.0033330139404,0.09213725131916714,-331.8604,117.76119,-28.675238,58.05617,-36.467087,22.736347,-8.56931,-3.7448292,-2.7068472,-1.4827882,1.7419237,-5.5432005,0.82153785,-8.175309,2.5442605,-14.881077,0.99604344,-6.9691815,-3.6657884,-0.28590152,No PD
0.4275054,1815.7358170760979,1793.9743565730646,3750.1475887505653,0.08759524134876356,-372.3793,127.37027,-15.9101305,69.951515,-32.799614,35.83833,-10.96458,11.912566,-5.126672,-5.322238,4.0923085,-8.92756,5.5398335,-15.492479,6.703276,-9.684335,-1.9715587,-3.4023826,2.2441804,2.825428,No PD
0.37837356,1783.032200152219,1693.9586900129268,3744.6466899671054,0.08201840049342106,-342.03412,124.5704,-33.841915,60.74519,-22.909384,18.706102,-3.2368221,7.361991,-4.1588573,-6.374516,-0.6236441,-3.517692,8.959017,-16.174566,0.11624486,-4.634143,0.34489754,-2.7973745,-3.4479578,0.60041964,No PD
0.39223194,1631.7973365535743,1899.0351874366136,3897.0076121920447,0.06368397183738717,-427.2399,128.41818,-10.686845,64.04749,-28.53268,34.896683,-12.764506,15.340484,0.33863816,-9.995079,7.3733377,-5.92104,5.3239326,-10.490238,3.7915967,-8.610594,-0.156678,-4.9463477,0.51538014,2.3755708,No PD
0.38277498,1415.0087849232286,1641.801448975666,3022.0662452232905,0.06048550177087771,-374.08398,138.00732,-11.523043,54.37171,-17.902834,22.133211,-10.0989485,3.6899567,-7.7660446,-6.978082,3.7438061,-7.958559,9.333193,-7.371399,-0.46862087,-5.6503563,0.09085872,-0.6935171,0.28168327,-2.3071918,No PD
0.3126983,2030.3794383096308,1857.4042592420544,4176.620224774894,0.09340703475510967,-380.3214,98.71143,-27.217464,58.37883,-26.404856,22.887062,-9.608181,0.921658,-4.0243964,-2.0072124,4.0572104,-5.6341133,-0.41113007,-7.7842274,2.15103,-14.641256,5.35198,-1.9377801,3.761189,7.5645,No PD
0.40715587,1780.376793284175,1756.4125384823294,3648.6681341355848,0.08062993531586021,-350.62802,112.864586,-9.53649,52.0293,-16.852026,23.518196,-10.433684,8.217422,-4.866299,-10.234068,6.8522034,-6.3196025,4.143715,-9.223459,3.276297,-2.357593,-2.7331758,-3.4847016,0.0574456,1.7309786,No PD
0.43018115,1363.6442168391623,1722.9380506733216,2913.7753310361745,0.051921826403287914,-434.15475,125.03499,2.6252458,44.78978,-13.043567,26.433775,0.131905,17.004898,-1.41409,4.264549,5.6957297,-5.810231,8.261104,-6.3758736,9.459026,-3.2185748,4.4447966,2.7153294,-0.2576155,-0.3027985,No PD
0.45648518,1431.6382409790283,1689.8759071863228,2962.698182247937,0.055312907136653156,-397.25766,107.658714,14.783679,30.784729,-4.08266,16.19856,0.7531156,12.436496,2.6710427,-0.66949296,6.7822375,0.44886202,4.794086,-3.0080264,8.294142,1.6853664,2.0850153,1.9599078,-1.0856913,0.9982804,No PD
0.4033529,1490.0488323036288,1781.96819873577,3332.0759633953653,0.05427106323568753,-466.19043,127.92275,-16.323324,55.898907,-18.339735,31.27314,-5.7116365,17.184202,-2.8384795,5.6889086,8.130468,-4.9440265,9.888526,-4.2802486,16.653833,-1.7371641,8.695935,-0.20154355,-1.1024874,-0.33714727,No PD
0.4905842,1457.3951112565744,1815.6655259335835,3250.258952241324,0.05011472726542417,-443.99454,106.53851,6.538896,36.25413,-7.8811255,23.652668,1.8251551,16.77962,7.0570354,4.939301,9.551112,-2.9280064,7.0370383,-1.2632426,9.373048,3.3338492,5.436607,4.0288906,1.3461556,1.0371501,No PD
0.42854506,1475.1498998346417,1766.2366687811887,3217.226920540877,0.054963840274360236,-459.7884,125.14739,-12.828301,43.61236,-11.798794,28.279133,-4.9283996,17.98722,-3.8344312,1.781004,11.279047,-1.9585459,8.58445,-4.215613,14.191822,1.3915843,10.246238,2.2705333,-1.315694,0.6329265,No PD
0.40557852,1644.6366062232796,1847.6682917162004,3738.510227822329,0.06155585957001997,-445.24866,111.25156,-11.495965,51.180454,-18.40874,22.668823,-3.176537,12.271934,0.9612064,5.6903853,6.75596,-3.7715902,8.352617,-8.371678,9.754332,0.7261686,2.945593,0.027807517,1.3115754,-3.176708,No PD
0.42651287,1711.0226789768867,1850.9521969362231,3770.8412918737304,0.07197033245066745,-431.8351,117.22381,-12.357126,50.86996,-18.955217,26.953524,-8.982824,10.986263,0.57266355,4.6490493,9.403293,-1.5912607,8.611915,-7.0689683,11.839728,-1.9740367,6.8269286,0.097817704,-0.32636926,0.47744322,No PD
0.3672986,1507.6068656953635,1575.1086630804,3078.222094699822,0.06947899909296276,-349.54544,138.64452,-22.50795,55.206482,-23.509907,18.611511,-5.170513,6.99191,-6.092564,-5.961695,1.606855,-5.4997535,6.366165,-15.401998,0.48919806,-6.2280354,-2.6468208,-2.0091476,-1.5635544,-1.5781416,No PD
0.3191803,1902.7993159104547,1733.584663382053,3856.628690166702,0.0891996877680103,-339.764,116.67072,-28.047152,55.65994,-33.872208,21.345219,-7.2872634,-4.540342,-0.6150184,-0.45414183,1.7653003,-4.4057918,0.6930766,-7.4013357,2.5681329,-14.719301,0.0812482,-6.4409266,-3.487961,-0.11184507,No PD
0.43028298,1844.18186596271,1799.803006897756,3816.178695705156,0.089931477018342,-359.03192,122.921814,-15.268263,66.844406,-29.366728,32.73056,-9.479058,11.28371,-6.2584453,-5.628967,4.332291,-9.0366955,4.9396415,-14.804379,7.9716754,-8.345894,-3.56231,-1.4467921,2.4288466,1.254822,No PD
0.37604052,1744.5200801774658,1670.6246257141565,3635.5776450034796,0.08120018806336161,-347.17502,127.89544,-33.593353,59.455296,-24.878857,19.532343,-3.7846422,8.1108675,-4.801493,-5.4577074,-0.573546,-4.896325,10.721702,-16.33086,-0.5188765,-3.9437819,1.0124211,-2.2831035,-3.0025673,-0.31478626,No PD
0.40345564,1708.4976815532657,1933.7500916416311,4044.0223743069555,0.06687799269153226,-428.28348,128.21712,-17.080158,69.31031,-30.842052,37.13008,-15.581311,18.051994,-0.6921608,-7.724285,7.028537,-7.753046,7.4587073,-11.4437065,5.01138,-9.54783,0.8625019,-5.349286,0.91321725,3.068195,No PD
0.37542063,1407.1068971296038,1639.7867562970541,2957.3033010823283,0.06028658782943809,-368.72928,138.39854,-8.98209,54.739708,-18.377888,22.485504,-10.991338,2.791691,-7.945568,-6.1467156,1.4902903,-8.742696,10.885328,-8.572532,0.052109517,-4.357285,-0.013068262,-0.94243777,0.45980564,-2.8256955,No PD
0.40886617,1817.6726398651012,1705.333904954536,3596.1717298575086,0.08625599192021874,-323.32718,117.96921,-19.27032,54.69218,-20.76334,21.397907,-12.090643,8.796264,-3.0454137,-8.049481,2.6973474,-10.29572,5.269344,-6.7563744,5.174318,-7.0099244,-3.2720692,-0.55333006,0.63033336,0.02248668,No PD
0.31537375,2142.9840801830483,1857.8583032982226,4322.73487291838,0.10553827500881109,-367.97128,95.175964,-29.126406,58.167816,-30.17864,21.116894,-7.989371,1.7091757,-1.8860905,-3.979776,3.7554598,-4.3221173,-1.3865163,-5.3681993,2.4745555,-14.913205,7.2964416,-3.7681797,0.24007927,8.15544,No PD
0.387326,1600.897290387578,1662.6223773621186,3480.8750664359836,0.061671408554353,-383.63513,125.78461,-23.870493,57.129982,-19.791296,17.667809,-0.6033151,8.312011,1.2153105,-4.1370044,1.6765431,-5.4441648,6.1951,-13.097615,-2.4009595,-1.333275,2.6972778,-2.2587347,-2.022839,0.9329232,No PD
0.4902389,1461.8536262862058,1903.3313281293026,3474.8512187025794,0.043929258741148204,-483.89706,115.51514,-6.5846014,48.537174,-18.005972,33.471527,-2.5507896,23.54088,4.5248523,8.8466215,8.943504,-4.8724895,10.474445,-6.6705103,12.144871,-1.1754378,8.69403,2.0042183,0.4872275,0.77504265,No PD
0.5227485,1444.3836534969746,1795.0016486364618,3205.80781531654,0.04739047543199901,-427.05905,78.81971,25.135546,21.518812,3.168918,12.941082,5.5756345,13.2936,9.3779335,7.0243287,8.823323,2.23636,3.8272796,1.4665327,6.6173925,4.351439,5.181889,2.732967,-0.22456223,1.7255728,No PD
0.47611973,1613.1833795754997,1908.8402986682029,3812.1579501295337,0.0541587394753886,-489.01083,117.55522,-17.681387,51.541706,-19.342852,29.130962,-3.4066699,21.91775,2.0869925,9.811591,10.754162,-3.4038227,11.02173,-5.0428777,14.442798,-0.15647686,9.81447,-0.82567924,-1.2105814,-0.13912335,No PD
0.501872,1512.9430083247814,1912.9423551952843,3557.807653090533,0.047669935391435984,-480.98096,104.711975,-1.2185149,38.807396,-14.405192,28.649553,-0.5514326,22.722223,10.135457,7.52806,10.214998,-2.6994195,8.85488,-2.3537884,11.886278,2.159893,8.870032,2.5768068,0.38192192,1.9288871,No PD
0.47464007,1533.7926809436356,1900.284646726575,3642.603877990082,0.047121324691267986,-491.5724,115.6681,-17.307415,42.70791,-17.045712,30.582506,-4.54103,23.659233,4.195465,9.039347,12.08967,-1.8943453,10.292586,-4.4132643,14.543602,0.45820078,11.483307,1.9510461,-0.01952097,1.7972561,No PD
0.4735421,1556.4014070190356,1882.3402511418644,3700.2422193444295,0.048523479959239134,-463.59424,101.435234,-7.3669243,44.27715,-14.740456,19.960829,0.0050657056,14.7071705,7.0212903,9.475078,8.993864,-2.1485257,7.9514155,-4.7381864,9.827426,3.623209,6.8269796,1.9175769,2.1057324,-0.7831762,No PD
0.48265582,1705.477193630871,1945.883135685996,3989.9508352999874,0.05854969827040041,-478.9593,107.39743,-12.418699,47.720848,-18.21528,28.661963,-3.737116,17.821278,5.0434704,8.944354,11.802767,-0.9490834,8.780856,-5.3312755,12.040586,-0.52857715,10.20219,-0.6145746,-0.98715305,3.305384,No PD
0.38002324,1525.544657844795,1621.1446989740373,3092.0277042181847,0.06556074006709892,-372.44073,130.11124,-12.015306,54.67496,-20.382841,19.97413,-5.013374,9.776963,-0.09497024,-3.8287957,2.7547383,-6.791889,4.366958,-13.992317,-0.07822171,-6.187831,-1.3308586,0.18077299,-0.23895621,0.70068353,No PD
0.34764618,1806.977280546808,1732.6840826362538,3758.652177190866,0.07636677840739078,-358.5375,115.93385,-22.034143,52.06834,-30.028496,18.495659,-1.6174783,-1.3186419,0.7942137,-1.620718,1.796497,-3.3024275,0.47812805,-5.8743334,0.19131207,-13.01494,0.7936399,-6.1249847,-2.8399599,0.09300784,No PD
0.43532377,1723.9882146082741,1841.9474691190276,3746.4368514432254,0.06927443642652671,-410.55957,125.87436,-12.256172,68.07104,-29.658169,36.340645,-11.946511,13.386226,-2.237698,-2.8233685,6.922508,-9.188878,3.6149209,-14.59549,5.5956316,-9.449615,0.12413943,-3.499177,1.4039819,2.688252,No PD
0.4271638,1633.704319509356,1929.8966235108576,3943.0300792107396,0.05488052038295244,-448.36072,127.3181,-14.503947,67.42251,-27.506134,35.952362,-13.911927,18.893873,1.3370357,-4.365476,8.250153,-8.167291,7.103347,-10.426705,3.0933423,-9.251109,2.0932922,-4.076279,2.0690153,2.1615846,No PD
0.40545535,1403.6173347484164,1677.4197706339257,3134.2926415640986,0.053886768702046034,-382.20386,129.13264,-4.8166614,52.55037,-12.712286,18.677061,-6.39498,4.3134704,-2.8873541,-6.629098,5.0295844,-5.4003916,9.015242,-4.687576,-2.3976717,-3.9695828,-0.5528359,-0.8066053,-0.08322145,-0.8899398,No PD
0.3865841,1699.1691724754078,1664.4225788815966,3347.2137682950947,0.08240147844145569,-362.57693,125.11365,-15.170918,63.313915,-21.775002,24.559496,-11.040291,13.084289,0.45283744,-6.7017345,3.6817625,-9.726542,4.3039384,-7.752549,3.8774512,-9.672171,-1.6098785,-0.89093435,1.7198496,0.8203021,No PD
0.34577236,1958.8667224944727,1878.7192235433242,4240.096969409367,0.07955362851662404,-410.92728,103.0681,-25.140764,59.557438,-29.269367,24.819372,-4.9699574,4.674508,0.07117472,-2.9634209,6.119825,-3.3851871,-0.44779456,-4.3169284,3.580279,-14.476728,4.6670365,-3.8117523,-0.050223395,4.790115,No PD
0.32185608,1154.0203723458922,975.0675543074461,1953.169189453125,0.0722607421875,-493.20874,164.35722,-59.3834,-12.838612,-17.506302,-24.774715,25.107525,13.554025,-14.355671,-9.795762,-19.627922,-15.078826,4.788643,-13.188346,-24.08491,-8.58654,-12.783789,-17.645851,-6.9876294,-7.9711056,No PD
0.35968876,1752.8918492647265,1735.0355139220067,3719.70703125,0.09407242063492063,-393.38898,111.4403,-20.350079,-18.497507,-83.363594,3.4936435,-2.4699624,4.059632,-13.731721,-14.486796,-1.3266846,-23.800768,-6.5267043,-10.2878,-0.2226793,-14.6408205,-1.971389,0.87995225,-12.527412,4.84043,No PD
0.2278155,1138.5522808794472,1182.5763696915865,2044.4764997956302,0.05791387206450654,-611.1313,127.204796,-29.08721,-9.402779,-15.006544,-17.72987,-1.9276814,-3.6839323,-31.525297,-26.28394,10.75936,-0.6207085,-12.207565,-8.4607725,-22.845598,-21.140465,-6.8674626,-8.025317,-9.109139,-4.1272964,No PD
0.27867967,1407.9520640370347,1501.3989236768762,2467.213840386471,0.0819809980703259,-332.7004,138.38553,-35.842712,17.349094,-32.251064,29.874598,-10.623678,-5.2878146,-15.71013,-2.2568762,3.3488574,-10.965014,-2.9605918,-25.085136,-7.8728375,-10.373712,-6.5459347,-12.437162,-8.598465,-7.798756,No PD
0.27514872,1555.1258834726768,1098.5134116553536,2567.504012608292,0.10396909808168317,-492.7235,109.12072,-93.86478,-23.694628,-32.080097,-3.047175,32.202118,-21.841198,-27.394768,-1.849972,-29.454266,-20.237963,-5.3371882,-15.871432,2.9189436,-3.3446887,-7.869624,5.4504795,-5.7503653,-13.925717,No PD
0.25339139,1173.7389566349639,1235.7100818876977,1911.6832435794822,0.06907929078507795,-519.2233,139.42818,-20.247952,5.00749,-32.10432,-2.324992,-13.816913,-19.330027,-37.809387,-24.302612,13.962523,-9.204898,-3.1734526,-6.1692653,-16.185406,-5.496571,-2.5668314,-5.555028,-4.1889973,-16.041784,No PD
0.23365915,1640.9027710674713,1752.8773638797165,3449.4659949993265,0.07587827485183189,-394.3913,101.00551,-24.450157,1.2540922,-62.17916,-3.053881,-4.120244,6.85675,-27.209484,5.2645063,3.5186584,-27.483955,8.079453,-19.885994,-8.367078,-12.755167,-9.179532,-11.823974,-19.734913,-7.24113,No PD
0.32587114,1495.489650191078,1158.4031806251905,2684.9832063938284,0.1027399592486053,-365.05423,111.339,-83.255775,-3.7844691,-36.761845,-13.247539,13.399987,-4.8533626,-28.845804,-29.415375,1.0072639,-6.1229067,-17.447926,-11.920535,3.8345456,4.378109,-12.174602,-6.6399364,-3.818434,-16.660406,No PD
0.35762766,1465.1435548268119,1324.201173082969,2198.3564920088356,0.11269551552754678,-288.23465,139.254,-46.97414,-3.451738,-23.847721,26.973825,1.1426296,-0.32773155,-17.950045,-6.696091,8.599376,-14.196107,-4.5187626,-17.059353,-6.851412,-7.3153734,-6.3772264,-6.567797,-19.074762,-10.014577,No PD
0.31858873,1289.5364483366257,1026.3074897228782,2033.5418701171875,0.09647623697916667,-454.2672,158.52466,-68.56518,-21.837452,-35.554096,-18.34755,13.182933,-28.174171,-44.851776,-5.4590926,-8.053591,-10.6130905,-6.210905,-20.668804,-5.6494393,-17.386633,-12.47214,1.3769585,-22.566162,-14.599321,No PD
0.35897127,1497.527988777116,1556.105041744021,2515.20732421875,0.093115234375,-499.2172,139.85228,-38.044827,-19.645805,-53.726227,-0.1472085,-8.57098,-6.3105187,-35.274666,12.281412,-9.295832,-25.477364,-9.963017,-29.05705,3.7079268,-16.726957,-1.7525232,-21.079346,-13.6230955,1.1097409,No PD
0.32621548,1045.1496432306253,1163.6265348541153,1482.9569857426795,0.05297605576983627,-459.35925,156.51608,-6.4541397,-16.463312,-34.60568,1.1373603,-14.559779,-2.9592464,-9.66978,-48.803596,6.0538073,15.133319,-12.37162,-20.952715,-21.34452,-0.33159402,-16.40219,-15.256085,8.757894,-11.584319,No PD
0.32031152,1330.3678229731174,1280.2707027550568,2487.05419921875,0.07850446428571428,-518.19824,126.06229,-22.210598,-6.1783733,-22.274286,-10.732333,17.67551,-0.19290937,-18.60745,-4.549159,-10.583407,-22.989048,-7.5042405,-2.11056,-8.531737,-11.164168,-4.441937,-4.968551,-10.3954935,-6.449826,No PD
0.43208936,1327.9225462992097,1188.6530335418447,2063.6120241079757,0.09372084888059702,-504.99615,124.46448,-12.026588,-29.558025,-29.9632,-19.902866,-2.2662055,4.7230186,-12.37602,-19.368746,-12.272286,-1.7271583,-3.163869,-18.242998,-6.432093,-6.1046753,-8.836053,5.2595496,-1.4906566,-11.530564,No PD
0.24510941,1196.7560626442137,1230.126029663788,1731.5941037155512,0.07005490280511811,-612.527,113.22439,-5.947473,-25.850353,-30.176268,-8.617215,-9.702618,-23.753353,-19.283531,-0.82414955,4.462843,-2.732872,-5.527503,-15.832321,-18.210875,-6.757652,-5.701085,-13.870729,-3.2730432,-0.49860588,No PD
0.2870544,1389.159823473273,1098.1524268404005,2376.997312648495,0.09347105580121436,-368.54794,129.01593,-83.70961,-38.884808,-29.982544,-21.480738,-17.034496,21.983303,-18.650362,-29.092907,26.740513,-13.469989,-13.834031,-6.9289756,-23.949635,-3.7287498,-0.39149308,5.380808,2.093538,-13.477258,No PD
0.18190964,944.8849941268725,999.5781671497949,1300.5794467522658,0.06694911253776435,-566.72906,132.17139,-0.7170882,-17.453083,-32.36205,-14.255101,-21.80649,-10.120967,-27.660416,-21.682575,21.20222,-2.702584,-19.930536,-15.786959,-10.384018,-12.660307,-12.251796,-3.208161,-8.391427,-2.982526,No PD
0.24411152,1291.4795869535044,1527.5352110363133,2259.279733937937,0.06814767263986014,-549.3408,121.30769,-1.042557,-12.194811,-37.283657,-2.125251,-19.640816,-15.244405,-29.82563,-12.4303465,12.197302,-9.597685,-1.2439259,-6.818439,-21.546402,-22.05185,4.3096766,-6.4123154,-18.535702,-3.0269432,No PD
0.30105484,1289.996500880032,1138.5240125741818,2149.402288854475,0.09621885401257396,-541.97516,113.68377,-19.963211,-15.084438,-25.79075,-10.604797,-0.060615674,-18.215353,-8.862965,8.36382,-3.2275224,-18.472012,-21.313295,-14.756642,-7.305985,-8.1597185,5.6499996,1.162382,-15.664909,-5.4091926,No PD
0.30049747,1168.8495456434468,1286.3103835561155,1881.3622638271443,0.0656053870292887,-423.2275,152.3778,-10.934227,0.30343708,-52.984028,-7.1592674,-32.92577,-14.721288,14.013988,-38.181427,-12.031285,-4.4926376,7.7774715,8.04375,-16.56968,-6.70796,-22.486269,-11.942976,-2.950422,-10.236806,No PD
0.29992712,2060.742039355491,1969.6089289767965,4734.646267361111,0.08908570842978394,-464.24966,117.5999,-9.359248,15.257639,-89.50894,28.864735,-7.2386265,-12.064708,14.361567,-11.543821,4.1628056,3.936005,6.8290195,-27.910566,-10.049729,-13.027733,-29.019579,3.0707152,-2.4057217,-12.651035,No PD
0.31800178,1490.8861700261991,1520.5565176716761,3031.328769899764,0.08026391755110063,-525.7311,120.46958,-13.919547,-22.74456,-73.77523,1.1883092,0.8877211,-8.317227,0.89354366,-12.3962145,-6.3646307,-6.0427866,-9.348475,-31.88039,-14.152055,5.8229012,-6.770033,-0.19426757,1.1221302,-13.884344,No PD
0.27733088,1099.9056317327725,1069.127076853759,2010.9209452589898,0.061678951733732876,-497.1046,162.58902,-37.25069,-6.9123025,-10.073856,-19.317595,12.45573,4.265838,-5.808022,-5.4551816,-21.162695,-4.575618,2.2393959,-25.553911,-14.324656,1.3799864,-16.465961,-16.892046,-5.2812138,-14.256759,No PD
0.35833898,1673.2898556483694,1603.6167626877789,3293.41728515625,0.0934375,-319.05087,112.86838,-31.291574,-19.752687,-89.21688,-4.913217,1.8202871,7.1637764,-19.644167,-9.596327,5.6536655,-27.943396,-9.845713,-9.327141,-0.18394299,-18.412836,-0.84120464,6.467485,-16.421566,2.3233745,No PD
0.26150692,1101.5202731854195,1161.5359525514457,1848.779296875,0.05819357965225564,-611.623,140.21944,-26.86541,-1.5288829,-28.500969,-16.674915,-3.527776,-6.008986,-30.602781,-23.045456,12.7879505,-3.0700712,-12.1752405,-9.57847,-18.669168,-20.405336,-5.4946923,-3.7841597,-10.515946,-7.7017374,No PD
0.2817698,1398.5845750331798,1442.1687863278726,2288.790986032197,0.09922138047138047,-379.38553,128.89653,-33.110867,19.715353,-17.114626,20.867895,-16.373075,-0.79905766,-15.516526,2.1762433,4.5103106,-12.415238,-7.8855467,-20.765083,-6.8801246,-10.056124,-1.203408,-21.722689,-11.072114,-5.91376,No PD
0.23517738,1285.8986612164003,949.5902496665137,1730.163995150862,0.08971279334291188,-495.29288,127.90281,-85.31518,-31.882267,-39.436054,-1.126242,28.340921,-18.931116,-25.706068,-0.2835015,-25.250902,-17.61021,-6.860242,-18.18766,3.6321573,-6.527877,-8.230433,3.1299417,-8.767693,-13.342926,No PD
0.3381053,1187.8885665183357,1294.8575940459345,1996.9275081858916,0.07678402171415441,-516.62463,137.21649,-4.509117,5.568356,-31.140654,-8.022858,-21.265697,-12.577261,-29.362991,-24.55243,10.042163,-4.9618735,6.7179,-10.654997,-15.327269,2.1431231,-14.230659,-4.9874206,1.3691454,-22.139418,No PD
0.23751667,1750.4521507776315,1830.1259518946538,3758.3241338315215,0.07487332993659421,-381.3959,98.620316,-27.51222,16.500105,-64.94515,5.066852,-6.616102,5.6872716,-24.54681,4.526694,5.5509863,-23.312408,5.740898,-21.237316,-4.0916195,-17.546785,-10.010025,-10.604033,-20.006613,-7.073865,No PD
0.30673143,1377.9878494237898,1052.3161325162764,2266.0529641544117,0.10148782169117647,-300.47278,136.83638,-104.01544,-11.829307,-36.75066,-5.5979915,-6.1178994,-7.997293,-14.279197,-38.683895,7.5148463,-4.0347056,-21.298044,-4.417332,-1.564944,2.678967,-9.8784685,-7.872435,-4.497609,-20.399733,No PD
0.36773217,1584.474654842435,1418.1061592928595,2414.379222972973,0.13151544401544402,-347.49973,132.96382,-41.52827,3.4649673,-27.184141,32.614086,-4.106667,2.8681772,-15.7632675,-7.880769,4.5590777,-12.388357,-2.6082733,-16.126183,-3.7384744,-11.495432,-4.788359,-7.600211,-16.529247,-8.297242,No PD
0.2953425,1122.6179080364107,816.995219896307,1573.2802503690946,0.0955205001230315,-427.07404,190.15872,-74.46557,-42.53964,-32.91497,-12.063457,-0.13692036,-23.690073,-38.657833,-7.6222587,-13.338115,0.30532572,3.4405172,-29.173796,-2.5096028,-6.240247,-13.133949,-3.8728628,-4.0137677,-15.557341,No PD
0.30115038,1383.779439614026,1416.0519223345186,2501.935445851293,0.07856838182471264,-550.47485,141.214,-42.872498,-12.438737,-36.48827,-1.2868212,-7.6273303,-7.3506746,-33.929718,9.569942,1.248371,-28.057442,-7.145569,-18.088928,1.7710367,-11.503317,-4.473682,-17.70145,-15.070642,2.9843142,No PD
0.2968154,1064.7190377882866,1118.9377357770393,1770.8737362132354,0.05877565870098039,-386.36478,173.1292,-31.220932,-0.334993,-40.329365,-6.2340436,-17.363495,-2.937374,-19.824436,-54.867294,13.869202,15.145866,-17.559729,-20.322235,-16.314993,-1.6705825,-18.876749,-14.412747,12.757725,-14.107023,No PD
0.17328587,975.9525863488619,1066.775775479839,1509.270489032452,0.0491943359375,-526.89465,145.40744,-14.966501,-11.941983,-22.03753,3.7491617,19.460209,-4.9939904,-22.814585,-6.45008,-18.2226,-30.439087,-1.7745459,-9.128982,-13.037215,0.48582846,-2.807836,-5.1696424,-12.318038,-11.698171,No PD
0.29078212,973.2956694261435,974.5880133128558,1326.6109525240386,0.06705791766826923,-514.1379,177.46582,-17.349823,-19.98242,-42.248806,-19.015572,-13.126021,1.8963299,-11.598017,-22.632755,-12.41528,-5.753967,1.4784995,-22.044418,-10.175622,-8.063948,-8.788896,4.619408,-4.7985706,-10.111623,No PD
0.17413196,1230.2916233885753,1111.6130274485593,1605.687890625,0.080056640625,-540.24976,127.84238,-37.509045,-36.962524,-45.078487,10.0641985,3.2738316,-16.601353,-22.987219,3.316229,5.096075,-11.685496,-3.5737605,-21.841722,-26.523317,-21.423824,-11.129202,-11.001724,2.9137044,-0.26292762,No PD
0.3105889,1522.0751946358846,1196.9721042770675,2685.6278228759766,0.10192108154296875,-341.66293,118.201706,-78.40974,-21.28431,-35.356956,-24.881662,-17.127132,12.715256,-13.1927595,-21.056667,24.982153,-9.687798,-14.722689,-8.284824,-22.986984,-3.7165768,-3.6689892,0.7368112,9.035843,-14.773088,No PD
0.18098272,930.1083851729413,1072.3227612027915,1263.1483289930557,0.062190554269547324,-586.1412,138.72887,-1.0366513,-14.88921,-35.983505,-9.948329,-25.513475,-13.738119,-28.587284,-25.303282,23.140974,-5.7062535,-16.546648,-14.284625,-15.436051,-12.292129,-14.615483,-2.6447413,-9.24449,-2.130253,No PD
0.24787053,1471.5762537545577,1554.6384306849277,2854.574957126524,0.07873407556620209,-354.64832,127.23661,-4.6607366,14.03294,-73.48932,-19.207777,-14.946799,5.0036254,-23.937557,-29.837639,14.92753,-19.36012,1.2669259,-4.6658697,-24.33208,-13.675752,-18.822649,-16.73303,-2.4467251,0.009859623,No PD
0.2255783,874.8977806949642,952.3976442335737,1370.255435805723,0.040905810742971886,-545.4037,149.29034,-16.178335,-10.054555,-29.893606,-11.234437,8.368888,-24.892208,-22.15507,9.055441,1.9469607,-21.02818,-24.65807,-17.898739,-8.959381,-4.8095016,4.9242673,0.32094094,-14.190337,-7.9613357,No PD
0.34175745,1056.6489013172504,1195.1346053456791,1582.8374140091723,0.069857548528157,-441.4205,159.8289,1.9408244,4.435361,-49.09659,-13.336912,-31.82123,-6.0191603,3.2061694,-41.24394,-1.8591821,-3.7399335,2.2282016,3.7544186,-12.754298,-5.7759414,-22.3388,-8.65814,-0.2752404,-5.698879,No PD
0.32339117,1752.7811751593897,1644.4209265734485,3774.9647064613728,0.10241602080570292,-429.9728,129.38832,-34.331966,1.7553321,-82.157196,25.355919,6.6834965,-3.89154,-0.61111176,-18.783339,1.3594757,3.0882223,4.488327,-22.285444,-8.2968025,-17.171993,-21.986443,-1.274464,-3.8442028,-10.1061735,No PD
0.23998167,1420.4186112797224,1510.653442954319,2636.527003599017,0.07463022296348315,-477.95718,139.3195,-5.406617,-25.585575,-106.543236,15.553594,-14.232054,-18.089508,7.0406756,-19.433645,2.298202,-1.0063081,-17.345797,-31.909395,-7.914225,-9.618375,-9.900901,10.179046,-11.248306,-19.969059,No PD
0.22884504,1778.873155578717,1394.2972632071005,3187.6693536687585,0.10957783485213204,-493.79178,106.99042,-58.14518,74.87168,11.39194,-53.61318,-12.308205,4.3329268,-7.400534,-4.630855,-23.540068,4.742887,-2.8232403,-30.13381,-3.0425298,-20.50588,-17.041338,-9.252247,-14.798592,-7.0566444,No PD
0.30702573,1789.641648245566,1671.4234758216094,3485.7978716288526,0.09247355700627855,-439.52963,101.25772,-39.889458,23.788479,-21.216995,-15.929423,-50.105564,-5.5106506,-1.3912215,-20.953075,-11.890744,-23.943111,2.3153117,-3.496809,-4.5157266,-0.02310557,-6.797719,-13.491703,0.54852766,-0.73973423,No PD
0.21923093,1209.6932222644607,1314.3468066007015,2584.974407327586,0.05959977774784483,-537.54205,101.89453,-11.210115,34.672237,-1.9368885,-48.831135,-44.952827,-0.6361433,-25.825237,-28.183762,13.6697645,-5.072818,-2.6773024,-0.25339425,-18.9452,-10.140775,-8.128449,-13.57112,-5.5967913,-7.273181,No PD
0.24765661,1538.0362609612657,1541.5403996098194,2912.9155065658247,0.08959753158244681,-339.61282,115.994286,-42.407047,49.273514,-5.5174346,2.2210276,-36.25352,-2.3653657,-1.9098568,-6.9439807,-2.7154427,-1.7619962,-3.1516736,-20.15258,-3.3773613,-6.3481255,-9.776876,-19.4821,-4.3354216,-13.401418,No PD
0.1964692,1633.8128997497804,1318.9241603187863,3040.8172607421875,0.07132161458333333,-477.90994,99.69868,-81.48331,43.090176,-17.397816,-52.905006,-14.615562,-12.164127,-17.955235,-23.131456,-21.652824,-1.0090077,-4.983182,-11.623288,-2.591036,-12.653502,-2.2235901,2.325523,-9.172695,-12.377133,No PD
0.18716572,1029.5579290932392,1048.3023937179503,1946.754331846495,0.05635964333474099,-508.46692,87.03542,0.84316236,27.36838,33.20097,-24.670559,-51.26166,-26.952839,-9.807166,-20.11588,-28.248276,-3.2357519,16.66725,-0.44712293,-1.6210041,8.63583,-6.409722,-8.088809,1.3138447,-15.598288,No PD
0.20188543,1791.0972289615215,1807.0971827703258,3622.2555918236303,0.07831610812133072,-397.57315,75.65621,-31.490915,45.67082,-26.043694,-35.799747,-44.13828,16.871496,-11.881405,-3.2613926,-4.50425,-12.350183,15.917377,-22.558853,-2.3879046,-25.913496,-13.996591,4.21581,-22.826141,-14.316152,No PD
0.21332641,1685.6987976392484,1253.2212918425257,2928.9211467161017,0.08497565030602637,-388.4289,93.24619,-72.024376,48.781815,14.694524,-55.256966,-31.034891,-16.55533,-20.568062,-16.447556,-4.3218637,5.703295,-11.812898,-6.2977104,11.223025,-13.096499,-9.876012,-0.83450323,-13.437752,-8.325887,No PD
0.27122852,1436.8897307732516,1583.1027168625264,3032.02002596541,0.0659544289897511,-311.11206,121.38995,-29.588242,45.737152,-14.535208,1.7193507,-23.11781,0.7238986,-5.4632487,-10.638407,1.8978482,-14.6755085,-7.03538,-13.826885,-1.8650564,-6.8352013,-7.6593,-12.639704,-18.698292,-3.953644,No PD
0.24763063,1622.1840183022425,1439.9304679313107,3397.1812417473593,0.06986273107394367,-490.34604,97.82335,-57.33178,61.727158,3.294335,-50.68567,-24.725164,-36.582382,-26.725277,-2.2819514,-23.888865,-0.6020857,8.059475,-21.093222,-0.9077281,-5.912223,-12.329894,-8.4865885,-12.878206,-8.01119,No PD
0.26022387,1285.7220912367047,1162.850307151194,2583.33896564203,0.07725221389645777,-534.51526,143.51222,-42.883194,20.96268,-2.2928574,-55.14297,-48.65894,-1.6243412,1.5686313,-13.540295,-0.8735942,-10.615038,-11.489218,-4.923933,-20.173042,-17.529118,-4.862726,-8.505036,-12.255122,-10.937805,No PD
0.28490588,1284.8464142301927,1373.5817848893057,2508.697247179958,0.053520338732948584,-415.95874,115.17487,-20.400711,27.56633,21.372063,-10.949805,-56.85652,-21.21166,-18.513176,-36.307293,9.671103,-3.5982554,-18.896233,-5.5377383,6.0718617,-1.3190818,-22.830988,-11.641919,-0.36457503,-9.700371,No PD
0.16663131,1226.5847379524616,1426.1989944193626,2735.980596606941,0.044443513685101584,-477.98648,100.130714,-7.5903773,59.65076,0.9235162,-46.793884,-29.366936,3.0114775,-15.808547,-14.548047,-19.555155,-11.204876,-2.1736758,-10.614989,-5.0847197,-9.256792,1.8856257,-16.204578,-7.735109,-3.527873,No PD
0.20023039,1229.431031429917,1241.5549685961926,2518.8091255414606,0.05641727258663366,-499.0526,101.17877,-24.507242,46.049026,29.944561,-36.395233,-35.693798,-20.033459,-21.565866,-23.171856,-29.933218,-15.463535,-0.046371005,-6.039258,5.3639374,-1.2747989,-4.4998326,12.710091,-2.4674978,-15.225737,No PD
0.2262955,1260.5673656952556,1349.2824831057303,2553.984923509774,0.058644298939977975,-561.03046,88.49567,-21.618586,13.2134075,-7.604362,-28.63874,-37.13142,-14.115327,-9.298256,-16.42054,-3.966736,-7.7689967,-6.289423,0.51902527,-11.583427,-19.377516,5.129318,-3.4745834,-16.833374,4.669521,No PD
0.23436031,1501.524123014216,1180.297050988175,2589.2056366272996,0.07804334761705686,-348.91318,109.40681,-85.45948,15.288983,5.8521466,-29.719107,-47.753616,-19.856087,-2.7410285,-8.859783,8.067953,-16.009022,-4.602479,4.8042326,-20.779922,-6.8549514,-18.05283,-16.909754,6.6905026,-11.737068,No PD
0.17709365,964.4371703358179,1121.054456574198,1442.7646339161245,0.05457858968401487,-572.04297,87.70128,20.41565,34.958534,-3.2318485,-58.555126,-46.815514,-5.062483,-27.214937,-23.484268,12.508987,3.6931415,0.059660845,-5.68939,-13.195146,-11.795052,-6.8655963,-6.47862,-13.674335,1.8153446,No PD
0.2418659,1284.3351196386689,1560.9943742471967,2820.409846775968,0.051631272007042255,-485.44742,104.218376,-10.927365,46.128635,-6.0949364,-1.5481875,-48.943607,-47.92634,-12.557007,-0.17804728,-24.740452,-30.076843,11.256005,-8.543041,-20.22197,-1.7392524,-5.1509647,-11.846648,-6.121864,-6.9124904,No PD
0.20561086,963.8832877375709,1099.4164671829199,2009.302948742378,0.0400118412456446,-512.9137,127.24996,-30.831753,35.749836,15.054388,-31.429901,-39.343674,-11.935997,-11.593326,-16.996386,-12.452562,-14.098798,-14.069314,-1.0482967,-0.2848028,-16.409565,6.6137176,1.8240899,-24.141462,-13.752012,No PD
0.21058387,903.3944082885939,1063.2869260335797,1718.1903606059084,0.0483021628818328,-433.02502,120.08315,7.5804076,35.888206,30.880966,-13.96738,-59.289852,-29.982277,-4.911184,-21.502596,-22.767666,-20.184475,-2.1631758,15.862835,0.196879,-5.3908834,-5.2815585,-8.175713,0.71716464,-8.853429,No PD
0.20422189,1447.0737468457673,1371.8184027055734,2626.719501201923,0.07124613667582418,-370.12088,122.49632,-43.128098,11.622986,-13.001121,6.07195,-41.151295,-53.744762,23.668694,1.3178728,-16.242243,5.919739,-6.3603797,-8.298602,-8.066151,-17.172007,-17.43621,-14.67003,-3.6995606,-10.238702,No PD
0.1900147,1761.2477586556356,1790.3197999704803,4295.081233298693,0.067086673594616,-562.30426,90.65529,-6.897218,47.850655,-29.701254,-15.349995,-45.247246,-34.16085,10.579001,-28.419134,-16.184664,3.0090816,-14.778515,-10.293671,1.3730114,-11.274699,2.5311894,3.5709836,-20.781038,-9.677016,No PD
0.21606025,1154.2986567270336,1325.4497699879646,2658.9053505345396,0.042122518209586464,-515.22815,131.87415,-30.398155,62.834534,11.803503,-36.985104,-11.705158,3.0869942,-2.7845452,-5.617403,-20.48083,-5.6354933,1.2947514,-21.03059,-13.4197645,-16.167376,-14.611407,-11.907943,-11.316775,-5.0503654,No PD
0.1982747,1674.8303801926102,1679.678074400454,3607.3084435096152,0.05073993389423077,-351.4881,104.86264,-47.327305,48.230232,-36.365147,-20.23866,-66.288925,-9.796288,7.9656663,-30.293705,-20.258118,-24.609476,1.0030265,-10.618865,1.5438697,-0.7274568,-6.797923,-4.4265885,-5.7384276,6.458789,No PD
0.27922392,1322.6748119187107,1414.2907737136688,2794.4004659867364,0.05753868569131833,-562.7234,120.837875,-24.635115,38.034134,-5.8177476,-35.172256,-38.327187,2.0061457,-18.268406,-28.201687,16.128094,-5.491838,-8.66407,-4.6300397,-19.225683,-10.629255,-10.625768,-14.963947,-2.6836405,-6.064169,No PD
0.31257486,1778.119513603229,1784.5528308515059,3652.243319424716,0.11720969460227272,-391.69022,107.31691,-28.308834,45.901485,-12.362396,15.104543,-33.697567,1.9927828,-5.820745,-11.997529,-2.322922,-6.1148076,-3.3754215,-17.581285,1.447638,-3.9692383,-6.344487,-18.984028,-6.8855014,-11.815779,No PD
0.13631383,1304.085418570831,1203.5457409881765,2680.3882550993726,0.04650317076359833,-481.61746,111.3784,-64.08822,42.146362,-4.34365,-63.344044,-28.012718,-5.338658,-15.746823,-24.015877,-16.827803,-4.271204,-10.329735,-13.237375,-4.00233,-6.684473,1.4755286,3.3802016,-4.8297343,-13.175956,No PD
0.20841365,947.8218096435926,965.7555683889642,1460.3786692899816,0.06308880974264706,-478.6614,110.7145,2.6641495,35.41815,33.69461,-23.305449,-61.25711,-36.87454,-10.261891,-17.828112,-26.774504,-10.65325,18.05491,-0.88435555,-5.7906313,13.245974,-11.885256,-6.3980436,10.332257,-17.975924,No PD
0.19912675,1755.1751954355002,1745.6491987048348,3526.06201171875,0.07527994791666667,-373.16354,83.34267,-30.42101,49.707108,-36.97944,-42.06234,-46.949924,18.669415,-11.824338,-10.559469,1.5079846,-6.552742,13.8679495,-22.797668,4.047138,-22.374247,-15.583604,1.377474,-27.926563,-6.682697,No PD
0.21704505,1583.4413653012962,1167.6923487190509,2734.625939477848,0.07850408755274262,-328.58636,119.61889,-95.072426,59.84752,7.4213223,-58.42989,-43.161217,-21.307507,-13.730752,-17.235542,-4.076778,12.7635975,-11.878801,0.14956085,9.414561,-21.672518,-3.451674,-10.55086,-12.809243,-8.851226,No PD
0.35518885,1662.6480901242755,1673.3501072637262,3455.793623490767,0.11246744791666667,-389.83432,124.65159,-36.063217,53.200645,-26.3555,14.212684,-27.22994,2.6725113,-12.45273,-6.8980026,0.45264927,-16.345188,-4.719992,-15.041634,5.53239,-6.859441,-1.9105707,-14.016186,-12.588031,-3.516653,No PD
0.23600914,1740.4969504793094,1351.9652103735566,3282.6076171875,0.08183984375,-412.3226,101.75304,-88.6711,78.51105,-3.9969952,-60.305428,-34.53011,-37.478664,-30.886415,-10.897715,-23.744974,5.5618253,4.793617,-20.705544,9.184347,-12.648127,-6.3509493,-8.03365,-22.637985,-3.8206317,No PD
0.24456775,1254.0521833309513,1193.6066128421846,2523.6208055840166,0.07393058401639344,-540.23065,149.66913,-44.331696,31.940073,-9.314181,-48.65854,-49.98532,1.06811,0.30616167,-15.539247,4.1277437,-11.272501,-8.513973,-7.105231,-17.465452,-15.79983,-7.993856,-7.948417,-12.065104,-10.9147625,No PD
0.28302613,1197.271853257165,1442.8213645540302,2371.396771599265,0.049080882352941176,-394.99762,132.19072,-20.074734,34.808838,12.750555,2.2408094,-70.92555,-21.770014,-21.373564,-39.784172,4.1698565,-16.284153,-8.1289625,-7.745124,2.2940068,8.770521,-21.41649,-14.307529,5.0222297,-13.68618,No PD
0.22822823,1352.8478725585846,1579.027626068749,3032.491321361528,0.0470095792844523,-469.83844,101.12045,-2.8531036,53.585064,-1.8641994,-41.203613,-34.88396,12.973294,-27.072298,-8.469944,-10.411541,-23.370893,7.15999,-14.493392,-2.4263217,-9.153324,1.8618852,-6.8391743,-13.660034,3.1059449,No PD
0.2403688,1365.0748862480796,1323.1291991650512,2772.998046875,0.06524634818007663,-468.68805,109.44365,-31.283173,47.625023,22.662529,-27.98695,-30.766918,-22.326431,-19.579897,-16.828989,-34.902058,-20.961079,7.9822583,-9.226027,8.784065,3.0989006,-17.894945,14.331083,0.88901424,-24.614819,No PD
0.23334864,1257.4728094684212,1377.6946228952977,2372.08464961724,0.07259169200922819,-547.54004,119.04127,-32.882656,16.948908,-30.392962,-16.94512,-41.86654,-17.819859,-3.56214,-20.739222,-2.4719348,-0.56804436,-12.761022,-9.045488,-7.354411,-26.18675,6.4504156,-7.328223,-20.171213,6.5015826,No PD
0.33449498,1522.3942430007257,1231.6779837465435,2708.32241913148,0.09164663461538461,-330.34708,127.368034,-83.78846,26.329641,6.5368233,-26.155148,-55.942123,-11.931306,-15.438225,-7.7148876,5.3511157,-28.295725,2.279492,2.892818,-17.71519,-6.693834,-13.1235285,-13.65164,8.928754,-9.497902,No PD
0.14962904,783.1773133669569,888.6526092553949,984.7705078125,0.051919244260204084,-544.2857,114.34919,18.490221,44.610867,-12.722636,-66.49547,-55.72984,-5.9640117,-32.311348,-28.639034,13.960421,-3.876534,4.434102,-7.065965,-18.350908,-9.142295,-11.378712,-8.334116,-14.767931,0.6789341,No PD
0.24061424,1525.9394405762723,1808.7009886853796,3585.6021278782896,0.05520882283834586,-440.10358,96.60531,-16.742878,60.91284,-11.458254,12.7483835,-65.988495,-43.183125,-17.281393,-0.40480614,-26.381014,-27.354542,20.750418,-13.711005,-14.994604,-4.54188,-1.95762,-20.036484,3.7803726,-9.241088,No PD
0.26162836,1055.11853361203,1161.3139622223043,2055.884630926724,0.05555181393678161,-533.6205,119.10347,-15.633179,26.125635,19.852789,-26.490623,-34.268276,-10.220625,-9.513765,-19.578896,-12.270535,-9.519866,-13.0473995,-0.68809795,-4.9885516,-15.945537,6.5197983,2.3626256,-18.094,-10.560692,No PD
0.17974377,867.6381132931676,1101.9138388905365,1661.4842104108145,0.0449895394428839,-437.767,124.261734,7.1316557,54.100544,34.02909,-17.754927,-62.78313,-27.863255,-5.0961633,-26.744608,-24.10436,-19.051733,-1.463375,19.658844,-2.6371737,-6.1175857,-3.2768042,-15.623228,3.1070516,-9.309189,No PD
0.335129,1501.099775010336,1528.8012607826606,2869.2830526576663,0.07095272375377644,-434.26736,91.46631,-17.510069,12.502684,-3.9883454,8.984658,-36.73554,-25.182152,15.781871,-8.970959,-11.403144,2.8302333,-1.5596077,-7.4910383,-8.363346,-9.200088,-10.490288,-12.875659,-0.6265456,-10.737598,No PD
0.21734235,1908.9876216084126,1908.2309656893897,4585.539307541513,0.06808910862546126,-500.44528,103.7165,-14.358849,64.13246,-49.62022,-5.224467,-58.21699,-37.17844,15.630744,-38.754093,-16.730692,0.2925178,-14.466383,-11.306096,-1.7291745,-6.897577,4.4296436,-3.8711658,-15.875721,-11.214153,No PD
0.16661538,1258.8348050542202,1527.0006100713467,3180.593812355175,0.040092868981719876,-565.76196,79.398926,6.303707,83.430115,11.304795,-27.644768,5.012484,-10.996936,-18.403414,-20.97912,-22.909264,-3.3915873,-20.537771,-22.717312,2.6939657,-19.372904,-16.566473,-1.3738294,-12.474602,-3.7374694,No PD
0.27457088,1623.0376826907163,1721.3438068883988,3590.9585417603416,0.06072368667565947,-503.78357,91.39494,-23.868002,70.25076,-13.821835,-5.5582333,-25.950802,-4.5938535,-7.001798,-40.390633,-24.87769,-18.551067,-9.912967,-22.855373,-2.869092,1.0116509,-12.5402355,-5.849449,1.8276701,3.1850822,No PD
0.19391374,1097.3497292044274,1303.9983973320914,2370.087890625,0.04669921875,-541.2716,89.38877,0.87150586,56.999813,-3.4357936,-36.695164,-24.110104,-2.8203328,-36.66145,-41.30081,14.066922,-13.11764,-20.529951,4.40086,-12.540499,-9.874591,-0.052606933,-6.4485903,0.9372352,-0.3803781,No PD
0.22165716,1303.3058433511985,1545.5964140514047,3030.08056640625,0.06854383680555555,-367.04022,108.740746,-25.664766,59.34771,-4.012694,10.055,-10.543331,-8.896378,-12.08097,-7.717604,-0.25268927,-12.901327,-19.862217,-11.219541,0.7289255,-15.129223,-6.53749,-13.761341,-15.6775,-13.765972,No PD
0.14227952,1709.1220336001822,1571.1225904014768,3454.940518465909,0.061521625695732836,-535.68353,49.64331,-22.996336,86.3979,-11.959674,-44.842957,-0.16886072,-25.530552,-56.15496,-23.550167,-25.44435,-17.00367,-11.70086,-10.733844,11.919475,-14.793908,3.535833,11.698995,-13.048741,-13.336771,No PD
0.21762727,1006.3159238791388,1263.0838839696216,2103.95390625,0.03961272321428572,-561.9089,85.22226,18.560734,56.657562,38.660397,-25.91438,-45.467037,-13.365343,-17.402725,-42.04504,-33.368595,-1.6722028,5.8723426,-22.140696,-4.4156036,17.244955,-9.990879,-10.066125,3.271471,-7.3687253,No PD
0.20324975,1908.6991583223305,1794.9163572719617,3496.2908605897096,0.10713338149549918,-458.9776,66.952034,-16.017447,86.50692,-9.023134,-39.736317,-39.080242,31.101467,-43.153553,-29.545689,4.2118483,-20.971067,4.6672573,-28.495857,2.3493829,-8.697258,-19.795069,-9.467845,-6.050862,-8.834894,No PD
0.23477311,1773.6507913173818,1359.9816181849403,2981.7042084854015,0.09693558964416059,-404.0343,71.62551,-47.839336,86.49626,6.1892548,-52.390743,-12.532786,-16.75759,-41.359966,-35.174538,0.3780647,-8.68205,-33.94712,1.6971202,20.20933,-9.598457,-8.608304,3.302542,-4.381662,-12.215683,No PD
0.25154397,1237.5095389048372,1628.744895364532,2805.0646765757415,0.051857123940677964,-366.119,119.47189,-12.04197,49.56939,-14.965363,27.626694,-13.111977,-5.4528866,-15.13578,-4.711659,-3.3396099,-19.56901,-3.9860718,-18.65821,-3.0368335,-5.17418,-4.80853,-17.282764,-16.62799,-5.3054357,No PD
0.16961989,1446.4078955133125,1686.9913556213473,3430.95703125,0.05876193576388889,-607.4661,58.406853,-6.1965413,81.16922,-4.725369,-24.034054,-3.344648,-13.561536,-38.72583,-15.391005,-17.331984,-19.89754,-7.3640485,-21.004992,4.772909,-15.160684,-13.760727,-1.1975774,-15.504395,-4.7119117,No PD
0.20469758,1147.4688490807032,1469.7616832807112,2713.886817725929,0.04719282270551802,-624.58246,84.49363,28.701017,71.01258,11.073265,-28.133247,-5.879173,-7.986471,-45.351536,-22.855804,-9.110072,-27.383268,-18.323523,-9.176949,-7.6482077,-17.237072,-5.189041,-4.445696,-12.159703,-5.61752,No PD
0.19661817,900.729077374678,1166.6206061046062,2147.9649044689118,0.03436521750863558,-475.84015,92.93449,7.7978845,61.65708,49.519855,-20.292969,-40.081196,-4.151779,-18.509954,-43.061485,-28.001757,-15.040823,-10.88775,-22.021637,-13.698745,2.5722334,-1.5041833,-9.105944,-3.6131897,3.4400792,No PD
0.1617422,1151.9079876949186,1484.3867441172604,2561.441171728424,0.04991278728893058,-538.02856,87.20407,18.710245,68.40784,-3.8391883,-27.136333,-0.45774192,-2.163172,-44.058163,-9.818664,-3.605361,-27.751455,-6.1715117,-6.6770453,-11.19191,-16.26946,0.8052004,-8.492511,-14.93329,-7.2992697,No PD
0.27273396,1509.8493249197754,1675.6347295517273,3186.955552294075,0.06111700686416185,-586.63385,86.34367,-12.1078825,81.31015,20.695496,-9.665893,-16.666325,6.764744,-23.71417,-38.07739,-21.374249,-17.656755,-8.200958,-26.97581,0.294542,-3.0674021,-14.984932,0.48173425,-8.366176,-9.366602,No PD
0.16396661,1363.6034177967833,1688.7323707919422,3208.812711631038,0.04145801036227154,-614.4957,78.4146,-4.2885237,44.043705,-9.682697,-7.5826287,-10.605636,2.170543,-20.613596,-30.410355,3.8456218,-18.623333,-31.907698,-18.987667,-14.465869,-23.938164,-3.567408,-2.3564932,-9.291899,9.282918,No PD
0.19511844,1256.1074739709381,1388.2836293663104,2744.8500689338234,0.04363654641544118,-410.3447,61.41938,-22.11232,63.223,34.55347,-29.183071,-20.934961,-2.9145465,-18.442532,-26.039984,-25.682686,-24.800394,-7.3896613,-13.416503,-22.55841,4.093863,-0.095894836,-20.200972,3.4963849,1.3716251,No PD
0.15945776,1117.507682510098,1403.4546699999194,2663.116328932333,0.04506548713235294,-604.0572,61.41255,21.444023,61.813595,3.3231091,-38.79009,-16.922863,-7.799471,-39.41362,-29.096495,8.643201,-14.1130295,-20.378965,-0.8529464,-7.4142284,-13.10556,-8.157496,-1.5793816,-3.4546387,-5.3244543,No PD
0.18489298,1919.8200681991855,1962.0559750769564,4294.408341036498,0.05968399630248092,-557.1465,44.255913,21.852432,78.294914,-6.227175,-1.0692937,-4.541123,-27.192434,3.918965,-8.253036,-36.645077,-0.8303748,-0.00021323479,-34.38733,-15.573914,-9.120978,-14.700551,-15.179643,-10.245164,-2.9821777,No PD
0.15131104,771.6891435299852,1090.9598201605413,1336.9133444393383,0.034942883403361345,-543.5864,100.15254,9.116366,52.202106,24.213078,-21.449863,-8.665837,3.9153388,-34.24435,-36.382,-9.582573,-19.479403,-32.76145,-5.3279877,4.9858747,-21.536839,-3.762105,9.078748,-9.663138,-7.9904838,No PD
0.29488492,1456.7363609838858,1638.5822748445416,3113.200619346217,0.06129321717379386,-546.32806,74.40985,11.977321,74.94164,37.650368,-21.49774,-21.868404,19.716835,-26.324858,-30.244766,-2.9752026,-28.272734,-8.923619,-8.305155,-16.353886,-7.997506,-7.3656354,-9.04054,-10.027818,-0.9008192,No PD
0.22186455,1613.713364027416,1896.3223990991228,3898.9399157072367,0.05738589638157895,-417.96375,66.54353,3.1808467,82.16628,-6.2957187,10.7096815,-40.464344,2.420169,-1.0407308,-38.617313,-11.070641,-8.076781,-9.412613,-30.685522,-4.310797,-8.390728,-18.890799,-8.854549,-2.7811368,-1.5087918,No PD
0.24697556,1998.9649502901686,2021.4891913921074,4737.32551264809,0.06218408108679884,-623.3923,60.535255,12.809716,77.62485,-21.801027,-0.34424585,-15.468631,-10.6582575,-6.689055,-48.3312,-2.0688126,-12.73372,-41.284916,-9.867711,-6.403515,-13.3872795,-6.4946127,-5.351097,0.67974454,-8.128377,No PD
0.1834679,983.245532873571,1364.0790923791517,2281.897633686823,0.03510160480595668,-558.0433,92.45066,18.490559,81.366455,11.600939,-24.335253,3.534306,-7.867089,-26.102095,-20.390577,-19.547407,-6.3879066,-20.873438,-20.078844,5.635345,-23.226608,-12.008579,1.4321097,-14.325382,-3.4267979,No PD
0.24666744,1481.2691310166233,1647.6262575325852,3372.01171875,0.049182876275510205,-474.87476,81.545235,-21.384666,78.20969,-6.0451365,-15.077793,-29.203121,-0.8212494,-4.2076464,-41.89626,-23.567755,-17.546535,-10.690704,-23.118551,-3.3952074,5.7041597,-15.79543,-7.4308147,3.509051,3.0635765,No PD
0.1317021,912.1563823199066,1206.9542861892533,2015.2646956905241,0.03532754221270161,-551.3449,80.73272,15.667916,65.35161,3.4910939,-42.54481,-29.300714,2.6954274,-44.125072,-45.014034,20.32197,-12.936181,-25.488895,0.7835995,-7.422424,-9.5095415,0.945162,1.7196707,-1.2278765,-1.715893,No PD
0.25735414,1244.0043055186022,1366.686082408219,2419.6783447265625,0.09484688895089285,-308.6192,95.90406,14.290769,45.54617,14.284531,-5.9041467,-6.4286027,-13.189971,-10.486972,-11.998619,0.43980968,-9.769277,-24.306679,-4.178765,-1.2156582,-10.211264,-10.771872,-9.16997,-10.742735,-16.671883,No PD
0.14406139,1519.8657365990284,1495.6492976491925,3237.9365116716867,0.0635687280371486,-500.83408,73.38838,-14.894766,103.53141,-9.983114,-52.593628,-2.7221076,-20.252596,-60.34931,-16.038607,-18.833895,-17.8183,-12.519674,-11.186108,13.489061,-15.726602,6.426682,6.8699293,-14.552554,-13.592608,No PD
0.22333673,873.4391236802584,1122.6030766404488,1538.554999168883,0.047328651374113476,-509.38663,111.43359,6.0771885,55.09167,22.347588,-23.58255,-37.58046,-7.9540496,-20.844553,-34.036377,-25.672995,-10.866344,4.933564,-28.011757,-12.688615,11.969878,-14.983683,-7.5924807,7.206969,-4.7518926,No PD
0.19148262,1665.9769330606293,1812.8514154071013,3296.8326649767287,0.06653438054078015,-451.07025,76.78851,-2.5207503,75.25077,-12.149202,-36.535324,-40.847233,29.709667,-35.99841,-32.751694,-2.5547352,-2.6709282,-1.0914607,-28.190424,15.717315,-25.603897,-11.777053,0.24593121,-14.260601,1.2209998,No PD
0.20667799,1827.5021300003157,1431.0961603164453,3259.1914943007173,0.07586569864241803,-434.37494,73.33486,-40.385433,104.79494,3.1955884,-62.499523,0.7886134,-18.719654,-38.827045,-29.34964,-13.793605,-3.321157,-25.68469,-8.976996,12.331499,-11.619467,-4.702937,-1.1472558,-12.323543,-0.1399461,No PD
0.26459748,1455.456217502349,1673.7036715947763,3128.6149088541665,0.09741572627314815,-398.87695,105.505165,-13.66934,47.90437,-15.283561,27.691309,-9.665092,-4.7982388,-12.874859,-3.435667,-4.576534,-20.214523,-3.766377,-16.854578,-4.0598187,-4.7703414,-4.7702875,-16.09674,-12.604746,-4.775734,No PD
0.23865129,1759.2470305659438,1754.9498314537054,3754.7905193391393,0.08364818135245902,-552.78534,52.242508,-7.498145,80.69754,-8.655382,-24.216713,-6.370437,-17.943237,-40.696255,-14.265878,-16.638655,-21.811459,-2.6163697,-20.108562,1.3082829,-11.741866,-12.537874,-2.2152712,-15.47627,-1.3898144,No PD
0.19534379,1071.7274164335033,1419.8162400580263,2440.0651931762695,0.0419158935546875,-590.39355,97.69702,24.761856,88.75372,1.4280787,-28.658743,-5.5245237,-10.313343,-48.952183,-21.047249,-10.005534,-31.449774,-13.96663,-14.963631,-9.158644,-18.646395,-11.332027,-3.5805955,-13.50358,-7.6661654,No PD
0.21792896,790.9282854153788,1044.3978782870379,1427.8852484199438,0.035752428604868915,-482.55972,117.213455,4.1962533,74.57829,50.761566,-17.307709,-47.156147,-3.0666957,-18.523375,-48.401768,-24.201727,-15.789646,-10.424749,-20.697422,-13.600772,-2.6804137,-2.9958684,-7.272107,-8.255536,3.6285331,No PD
0.15686053,1059.9342190891375,1515.5749383259922,2569.0825043252594,0.04379832125865052,-532.81396,97.586914,18.171679,66.39819,-4.8287663,-14.169219,-5.13377,0.9553558,-49.205387,-6.9501987,-1.3463603,-39.424213,1.2758675,-7.4737706,-10.323445,-11.025082,-0.9202992,-4.810534,-16.269287,-7.371527,No PD
0.26234117,1486.9972943824093,1613.4067380317756,3105.8407432154604,0.06261748120300752,-547.59595,99.876205,-13.150108,96.32196,19.864841,-8.827143,-24.2557,4.2400837,-5.323393,-37.726864,-20.608435,-2.617812,-15.645133,-29.917215,1.7644578,-16.297829,-10.584192,5.3409886,-11.434496,-0.63313043,No PD
0.21996427,1257.5834203991133,1530.6538714598378,2686.5769201045414,0.058707916479316544,-590.4927,85.89706,-7.117346,43.602077,-13.914166,-5.112794,-7.712643,-4.7840877,-21.481754,-26.96762,-0.91249627,-14.080964,-23.6045,-12.895464,-5.0873184,-22.110365,1.2122493,1.697194,-9.887632,13.746636,No PD
0.2767181,1457.7455260428037,1360.0025313715587,2936.075995950138,0.06963931812959559,-401.9289,84.89681,-42.061954,73.35939,39.231895,-35.53441,-37.788624,-1.695983,-17.208435,-27.319502,-23.063492,-24.812292,3.1038623,-16.030874,-20.054602,8.025185,-6.923933,-12.6193,2.6436548,-3.1508653,No PD
0.17142712,967.1561758289183,1218.25245577599,2381.018801769578,0.04017829129016064,-572.57935,79.44584,19.215044,74.23405,5.6067023,-46.48739,-16.290295,-7.6263328,-41.755108,-37.033916,5.446246,-11.15504,-25.75169,-1.8810891,-7.1773334,-16.132517,-8.524296,-3.0405655,-0.34572324,-5.638213,No PD
0.17738539,1590.4961384972858,1880.587285451053,4059.5731673702116,0.042445028981854836,-506.6485,64.258385,24.321728,107.92964,1.6481875,5.0482793,-8.85554,-21.656687,3.629063,-15.5854435,-43.558483,3.279364,-1.2377,-45.202717,-5.189421,-13.402019,-19.181322,-12.98269,-16.760786,-5.0340104,No PD
0.2114107,899.2492828184925,1159.8797295567604,1426.57470703125,0.04925583000469925,-605.3233,83.74894,19.453955,52.92655,20.947102,-19.18837,-8.9195795,-1.440823,-31.238384,-29.766136,-6.871902,-16.468424,-28.492842,-7.4505777,1.770997,-18.777615,-4.681152,7.549768,-6.7520046,-7.551483,No PD
0.28187048,1316.0031844617117,1710.3932633429345,2940.8261165978774,0.04751437205188679,-504.40897,84.22667,10.984844,81.97074,41.87707,-6.885746,-27.443823,18.134195,-29.644447,-27.29507,-11.8867445,-31.620003,-8.4728775,-11.502997,-10.96798,-22.51218,6.6393123,-7.3643727,-13.831071,9.073616,No PD
0.2370448,1724.5287799602756,1953.3481608882835,4291.628518089511,0.0632670790615142,-437.30347,64.78002,6.952479,84.13635,-8.065276,11.950453,-43.05724,9.694977,-0.7348861,-40.275223,-4.7304816,-5.018329,-12.584921,-25.90707,-0.17052361,-14.14711,-10.904615,-8.226665,-7.902265,0.8990712,No PD
0.23182952,1922.7243970260552,2086.3470008101867,4732.666766826923,0.06034029447115385,-598.6095,69.37925,21.206644,90.94079,-32.437737,11.45736,-16.679695,-14.581291,-6.13199,-46.512245,-6.218235,-12.953996,-36.957462,-16.044132,-4.667195,-15.682428,-6.623479,-8.267892,2.6856263,-4.4975867,No PD
0.25212833,1019.4231713842737,1131.6778397959458,1879.5846774193549,0.05269909274193548,-548.59894,134.09618,-3.7745829,10.583973,-26.371328,-36.46693,9.605271,4.4243283,-5.8632045,-7.8111887,-15.112525,-3.4502306,-9.845185,-15.7020035,2.0609927,-14.283364,-31.107506,-10.701224,-7.012195,-15.144859,No PD
0.33607298,1261.9946067649967,1394.6522515750053,2210.4187950721152,0.06706194196428572,-464.86523,126.49811,15.098279,4.6063423,-76.08799,-34.57246,-7.738451,-7.0278907,-3.0220885,-3.208627,-17.517181,-28.487314,-5.689452,-5.4659944,1.8295945,-3.2257893,-3.5403545,-4.5441203,-13.791103,0.65767735,No PD
0.17484488,757.6436044274079,811.001961915762,927.3259943181819,0.05030691964285714,-555.3058,122.301094,23.859488,-10.385618,-33.909084,-34.925392,-17.288458,-14.905053,-27.501354,-22.657003,2.8305926,7.7584443,2.5240898,-1.8641697,-14.752925,-12.858145,-9.97461,-10.590094,0.00466158,-6.9221973,No PD
0.27833888,1174.3609200183423,1289.5719851149418,1825.9708677648673,0.08699638243360278,-372.07153,147.77773,-20.114532,26.024612,-30.031584,1.7714357,-14.38459,-6.1087537,-9.005595,3.394589,-9.581534,-14.336043,1.0581871,-15.335846,0.0051359744,-5.424081,-13.497565,-15.76531,-11.648049,-9.286442,No PD
0.17579754,1187.8882922587222,902.0552949282212,1468.9453125,0.10760124362244898,-538.00006,108.79233,-24.895546,-22.54136,-45.47263,-15.667602,20.444237,-20.27479,-28.58509,-16.938574,-24.996756,-1.0069138,9.725008,-10.016525,-13.448151,-14.575289,-6.1105986,6.5058875,-4.5991244,-17.834284,No PD
0.15561482,773.7470346734885,923.771737657233,942.983916311553,0.048616043244949496,-532.3151,111.04726,39.881348,11.4526825,-18.075912,-27.296864,-16.933237,-11.569476,-30.749447,-31.705128,-14.554536,-12.840752,2.3416216,8.862341,7.2418466,6.8277783,-7.714537,-7.2641225,-6.4838967,-13.525917,No PD
0.17860372,919.1970389238514,1060.9577319432294,1234.2588259139152,0.05564103036556604,-429.48355,103.086266,26.706194,-12.434951,-45.297394,-37.373024,-10.843618,4.9792147,-12.19416,-12.328158,-5.6759286,0.25103378,5.691595,-4.036356,2.5693119,-14.794222,-23.266127,-8.318324,-10.829766,-8.291801,No PD
0.2365314,967.153325388903,1019.0278013808753,1364.2649446980338,0.06026472211075441,-434.37695,108.98708,6.98307,8.651594,-47.218094,-47.87177,-14.915054,-5.700351,-11.515592,-23.426502,-5.7023835,-9.609879,-12.354874,5.074064,-2.4876785,-4.479761,-7.0312138,-14.477313,-12.72391,-7.2810173,No PD
0.35349867,1265.7180249360883,1458.4656806799867,2127.94189453125,0.07709407004989496,-351.0048,134.81982,-8.34512,19.387613,-31.685446,14.372134,-13.221521,-0.66086966,-4.0568624,-5.0910993,-2.6392946,-15.871122,-3.9606667,-14.536162,-3.0328965,-4.274165,-5.977679,-11.341551,-11.520574,-7.9016943,No PD
0.20200968,1001.2677145171921,1089.216526567244,1667.74658203125,0.053388904389880955,-510.966,119.43878,-7.833645,4.116815,-50.496346,-40.36931,-0.2858233,-29.922716,-29.801363,-7.7308083,-23.430046,-5.653408,1.8675575,-6.575965,4.8792944,-21.066807,-17.297356,-6.483281,-20.069601,-9.220423,No PD
0.29655772,1015.0744194277369,1190.853070878919,1337.1796373126338,0.05838881825481799,-595.35425,153.52135,15.860103,1.3418977,-70.409706,-29.573843,-8.724554,-9.268418,-8.061896,-8.98646,-16.235107,-18.283659,-1.5116955,-13.073435,-11.052443,-10.769796,-18.830456,-16.990297,-7.435068,-7.9614234,No PD
0.2857631,798.9158583216648,1014.1504822080243,1116.8251731178977,0.04448749492694805,-513.2754,142.87459,37.602673,11.154292,-28.50284,-32.464966,-1.906315,3.3296263,-21.078173,-29.27855,-17.058891,-19.162212,-15.757679,3.7485745,5.532575,-4.260234,-10.022097,-14.429625,-10.970483,-13.385304,No PD
0.17483836,827.563612116077,1021.9753071564007,1220.3511298457279,0.04468425852672293,-576.1268,121.77101,30.993382,1.3943259,-20.017403,-12.380782,1.3272521,-8.847549,-18.580711,-17.807714,-18.270063,-13.526399,-1.4821515,-0.5940462,-10.29824,-9.587767,-5.290001,-10.055802,-6.3489304,-6.110311,No PD
0.20901302,833.3537768276263,1055.569041835924,1076.61708984375,0.04223828125,-581.76965,142.49052,33.525444,19.50587,-13.755112,-32.880955,-31.579317,-24.13761,-15.894864,-4.78959,1.1495559,-4.93695,-12.024783,-13.55095,-7.42407,-10.209002,-6.8193507,1.0328599,-0.5336532,0.61132306,No PD
0.18975684,947.6741181197824,1095.250669192144,1260.6565560867537,0.046033261427238806,-581.5253,119.825035,11.398145,-8.620995,-43.169327,-23.679052,-6.856356,-19.777933,-9.777987,-10.121407,-17.487858,-10.831524,-6.681761,-7.0110574,-6.6620255,-7.475357,-7.646999,-5.194822,-4.9083714,-3.1047196,No PD
0.26550177,963.138223179512,800.8278964173094,1381.9454070060483,0.07050860005040323,-405.74637,134.33423,-8.917352,-11.468442,-27.74685,-54.73547,-20.011044,3.2519581,-8.877993,-13.342161,-15.055072,-13.095249,0.8244564,1.1901553,-4.0892615,2.59043,-5.321976,-18.718195,-11.978124,-5.8540387,No PD
0.20667632,757.2792601509191,745.5174844897978,963.102626133632,0.05624709762893357,-598.3961,113.23823,41.084858,7.7126894,-32.44159,-43.577152,-24.842846,-16.942253,-20.792744,-9.298141,1.8427864,-4.941081,1.0605209,2.6859877,-11.668256,-14.823041,-12.548502,-9.114985,-4.1468325,-1.2551831,No PD
0.24890119,865.0370682482173,1237.0504980495916,988.851106380988,0.04475229229041916,-580.8759,125.38964,37.295403,16.933151,-34.57325,-29.113823,-31.58457,-12.659591,-10.972177,-14.303816,-5.99013,-27.733831,-10.139566,-6.0263276,-15.762745,4.825409,-0.30471802,-14.112664,-8.632011,-7.320923,No PD
0.19956218,801.7257736716991,997.7383960746942,1213.2519359319983,0.037346638424295774,-576.2666,146.87376,2.4044237,0.53974634,-28.442352,-12.567543,-2.80043,-16.01138,-20.400879,-18.215345,-10.921943,-13.8266325,-4.4349055,-7.1840634,-18.090237,-11.434688,-7.1946754,-2.6946754,-4.297378,-9.455254,No PD
0.2484066,763.2235245744413,773.3075318965423,1065.5712013473053,0.05573423465568862,-470.46298,121.6304,55.236877,29.10734,3.3567836,-18.73349,-20.541222,-18.487465,-24.354788,-22.42301,-17.589575,-16.910284,-11.506188,-6.633343,-4.523042,-1.8593867,4.6496825,3.7016668,-1.7886969,1.2617669,No PD
0.20468791,1214.011293338297,1287.732474489725,1780.6130341475302,0.07715689991334489,-324.17163,108.997246,17.865847,1.2421284,-96.193954,-17.846912,7.7488966,-18.866781,13.573508,-1.1729507,-15.891405,-8.8495245,-7.874934,-6.290609,-3.7114322,-6.934358,-17.988157,-22.382183,-10.367954,-12.073953,No PD
0.3330091,1125.88197540051,1393.5128531537732,1492.6933893462276,0.06447268955136402,-621.19525,121.189835,40.632305,-0.74804914,-67.477516,-24.714993,-20.45197,-17.436026,7.601386,-9.600006,-12.599273,-10.834942,-14.489993,-14.231398,-0.08707581,4.867098,-1.8579797,-4.538017,-9.278214,-11.361949,No PD
0.28864345,1086.2222676562844,1120.3795620685612,1999.4004098992598,0.05976466128700658,-504.94028,155.47505,-22.354456,21.198439,-30.719894,-38.190525,14.056249,5.5412774,-9.012219,-7.8394256,-8.309344,-3.8034556,-6.4659615,-10.203468,-0.46645847,-15.252605,-32.51349,-15.955498,-5.412102,-14.90995,No PD
0.3112655,1140.9435263889743,1267.102666241745,1602.9830367476852,0.065258889531893,-424.69086,142.29442,15.9193535,1.6134814,-93.64186,-36.38131,-10.3331375,0.32827157,-4.425919,-6.287677,-16.92747,-34.05242,-3.0483558,-5.818117,5.196475,-4.748091,-7.8752294,-2.6503608,-11.939974,1.336505,No PD
0.20223008,760.4427030864204,819.8392977920458,958.4859375,0.054009765625,-595.25006,146.62782,21.981817,-3.7984445,-36.42018,-38.90118,-16.770315,-8.246953,-17.009993,-19.040215,-2.3164377,1.0005612,0.374981,-3.243664,-15.428928,-16.103338,-14.636851,-13.29307,-2.2439258,-2.5826,No PD
0.28356487,1267.220702147725,1283.8253672140968,1969.4681129708194,0.10788752069536424,-335.56482,130.76463,2.049063,3.2722454,-17.562002,-4.239729,-2.6144946,-6.425799,-11.035215,-4.782022,-9.553506,-10.030159,1.3730466,-10.236548,-7.42679,-7.9603443,-15.006069,-11.853103,-7.6177883,-3.7216918,No PD
0.21526681,1119.9272091513465,916.2544205734704,1570.1821719898896,0.10562313304227941,-570.623,120.87399,-20.417423,-18.703663,-45.07702,-10.122018,14.372487,-17.795794,-32.685623,-23.852528,-21.499454,0.34857818,11.836971,-11.56526,-13.002555,-18.975725,-12.058684,6.258921,-1.4831735,-8.796181,No PD
0.17621672,735.738722737131,735.2543895301725,953.8008527057926,0.05478787837543554,-499.46243,122.72852,52.448444,13.739302,-18.733206,-29.776316,-19.624636,-17.196898,-32.459156,-31.312935,-17.179544,-9.579407,4.550599,8.308902,6.406224,3.6875255,-7.1291995,-5.6247115,-4.7347364,-11.782063,No PD
0.16921522,832.9939046195366,868.4939228820684,1161.6698340546313,0.0571341754721223,-434.73837,127.220985,27.615824,-15.815995,-49.414253,-32.66852,-0.63977337,-0.45536992,-17.932556,-12.8426895,-9.449038,-2.7936354,5.151454,-0.10730365,-1.2005203,-16.24328,-17.918995,-11.28553,-11.550702,-9.436475,No PD
0.23022592,1093.158449195209,1112.5505789066683,1834.0886739454506,0.0628554273409894,-342.0761,126.08829,-22.385618,33.060585,-74.475716,-65.77584,-7.0009317,4.809899,-22.581665,-41.07346,13.4735985,-9.498017,-26.22313,2.4747036,-4.45248,-2.8038568,-15.403743,-11.924482,-9.120891,-19.620253,No PD
0.3922881,1508.7578974226724,1619.4327085382936,2849.033853055674,0.10390225042662116,-390.8394,127.77538,-17.95732,32.842125,-46.600456,25.160519,-15.521012,0.8508794,-4.4862657,-1.915262,-3.5327952,-17.651691,-0.36681545,-14.879393,0.87583613,-5.543417,-2.291846,-11.121934,-10.370086,-9.169767,No PD
0.24252431,883.3922851943952,965.4278895125138,1175.379277618838,0.05100132042253521,-482.53867,160.39864,-3.0909517,2.4078918,-69.02322,-44.80766,-4.201795,-31.914885,-27.752245,-7.3250184,-25.876041,-7.9181423,-2.540051,-11.862196,7.799581,-23.68185,-12.635957,-2.548674,-22.370619,-4.391611,No PD
0.2862843,926.6943608501151,1046.189740905206,1270.7074444110576,0.057761793870192306,-558.055,163.08574,21.568176,1.8822036,-67.77419,-35.239956,-8.544709,-11.88504,-16.764927,-7.5623193,-15.346107,-14.737857,8.364472,-10.664956,-11.174484,-10.629204,-21.43237,-14.51249,-6.5138893,-8.223034,No PD
0.26421207,743.3062935707094,904.0578337991227,1037.7761606069712,0.045432692307692306,-466.43503,162.49655,34.851696,12.423766,-31.892632,-40.155132,-10.637376,8.05162,-30.602943,-36.917942,-11.472732,-7.9561934,-9.932577,-2.6861892,10.146176,-3.9868934,-12.827053,-20.487478,-13.62288,-11.278013,No PD
0.17189732,702.2030363560323,867.9848578316847,1045.610406425562,0.0410595154494382,-541.88763,151.45157,30.772991,9.460539,-26.445627,-15.172951,0.7956042,-12.724566,-20.317125,-17.720684,-17.95698,-13.441787,-3.126543,0.7931758,-9.714029,-10.985048,-3.3286083,-12.713695,-4.9300632,-3.9555366,No PD
0.18655086,731.10053809257,813.7138147603364,932.2610294117648,0.041551213775951557,-530.9722,163.11378,33.303356,17.240786,-22.049408,-47.77235,-30.33948,-18.911703,-13.403322,-2.0745656,-1.750488,-7.176115,-15.962928,-22.392612,-7.4643083,-3.3036304,-4.670396,7.795317,8.978911,-1.4784169,No PD
0.20952186,956.5581933039205,968.3637257272383,1355.830906305212,0.06546764575971731,-539.67426,143.79036,7.8600307,-7.1754394,-58.084335,-20.395887,3.1962497,-14.732902,-7.300004,-8.607097,-13.715857,-5.4143972,-7.232026,-9.863266,-11.392085,-17.01597,-9.062517,-7.771545,-4.1672716,0.40936607,No PD
0.26668414,918.7231083327671,840.6138113700397,1338.821316095372,0.05893504000865052,-360.28024,160.4777,-17.857199,-2.4941719,-34.613857,-54.987972,-17.841898,2.718954,-17.85144,-15.847913,-14.977309,-14.660761,6.1800656,-5.7619495,-3.82746,9.192794,-13.737415,-24.802328,-4.5680966,-7.0456524,No PD
0.20833904,709.1762669733483,679.5159138200954,880.32041015625,0.055607421875,-548.5012,120.36764,50.0384,5.007935,-39.783127,-49.42014,-28.800632,-18.606146,-22.508024,-10.056542,-0.09129535,-7.2913585,1.382938,1.874597,-14.046308,-16.69185,-13.160114,-10.70844,-5.4458733,0.802505,No PD
0.24256255,699.7149440876813,1069.2149470632305,787.2856765496927,0.038350089651639344,-527.9174,142.44164,35.71016,28.693027,-33.730503,-26.631514,-28.710815,-3.2165122,-11.17727,-23.68589,-16.719692,-23.037777,-7.0014358,-17.604246,-5.060475,9.686469,-7.93981,-11.414641,-2.794592,-8.223006,No PD
0.22210777,763.9053157614949,967.7657101842892,1099.5134024784484,0.036473299808429116,-603.17554,142.17377,14.176139,-0.15657763,-25.945515,-16.593975,-1.6805764,-14.349261,-26.356787,-19.315634,-9.697297,-10.91972,-1.5901592,-2.2166932,-14.395921,-14.826835,-8.300514,-4.9346023,-6.7684765,-7.2608113,No PD
0.21628168,476.61603577794097,611.8845123347068,501.6438802083333,0.03429221322016461,-496.3331,148.91039,71.0653,45.956673,4.5446806,-26.345228,-22.773521,-15.801057,-24.637783,-24.912535,-18.028868,-21.207718,-13.026875,-5.1068664,-12.07008,-7.294968,6.8675985,1.6188487,-0.8207095,7.4517865,No PD
0.19119935,1216.6924772729917,1359.0443130907825,2335.7192095588234,0.06085923138786765,-338.1429,132.38138,24.3356,8.322673,-119.439384,-3.5322957,11.911109,-22.183052,6.0451946,-12.6286955,-12.224462,-7.796999,-5.427435,-7.9726906,-4.5291443,-14.117088,-19.621838,-17.442978,-11.101237,-7.6127157,No PD
0.26822186,1074.2091818956,1339.6034142025917,1428.7635216346155,0.059266254578754576,-609.29224,138.84515,30.198025,8.426064,-69.94871,-17.276892,-27.00724,-16.41508,6.0401187,-21.910702,-16.083261,-15.224148,-11.866712,-9.035387,-0.44971478,-1.4034029,-2.3735135,-6.7730365,-13.599442,-6.608687,No PD
0.17159288,674.0803560266493,1005.5578074343447,907.6062632415254,0.0357714292019774,-623.3863,113.96633,45.806847,22.639349,-3.5173514,-7.3941054,-3.1378634,-5.448526,-9.096455,-17.588207,-19.653288,-18.022457,-24.395975,-17.216316,-3.0754328,-10.711961,-10.236439,-2.814218,-9.586792,-8.820122,No PD
0.25717133,789.6111169024479,1069.148962873222,1046.2538643117332,0.04256534381390593,-583.0561,136.28986,43.345474,19.505512,-25.49298,-30.352472,-23.794912,-19.110765,-15.058658,-12.128176,-19.639454,-19.731472,-13.431071,-21.287779,-4.950429,-7.982378,-15.259361,4.989613,2.6422641,-3.9420815,No PD
0.20819908,748.6527707492207,1024.2970360188012,975.7182635339219,0.04330818715148699,-634.9446,99.85061,45.51527,13.691613,-10.993371,-17.498991,-19.961426,-21.25661,-21.493362,-20.85638,-9.904452,-4.981213,-5.8333564,-3.5951228,-7.661309,-9.821768,-6.2670383,-5.6097927,-4.2027006,-7.388456,No PD
0.22714408,856.7555653799627,939.8246154870396,1380.810655623608,0.06775908268374164,-301.826,144.32344,31.873043,11.05617,4.822948,-5.1749535,-10.916899,-12.24456,-4.570593,-0.62632805,-7.798115,-11.584659,-14.293249,-13.936613,-4.6474924,-7.7302184,-13.11314,-12.964871,-13.917987,-8.428313,No PD
0.14510456,825.874849922243,1003.7124683832631,1105.986556497077,0.035229111567371935,-602.17914,129.03995,16.050566,-1.1249509,-38.614094,-26.898485,-1.0556669,-21.500809,-19.867887,-9.243443,-24.487688,-21.936743,-10.576598,-10.495185,-3.3155835,0.03477597,-4.3715005,-12.674507,-12.89777,-4.4696383,No PD
0.25977015,781.2985086370331,879.6743370523235,1109.251701108871,0.048854586693548384,-597.12555,104.01232,57.645546,31.603264,-2.012944,-20.003592,-23.214869,-21.628786,-26.882835,-28.123346,-21.589415,-17.62342,-11.693347,-5.3763237,2.2920337,5.138285,1.0677733,-0.98923624,-2.8552747,-7.835134,No PD
0.15228839,704.5487365042673,924.6342060061995,777.2470242315109,0.04206662602087114,-490.3551,112.923454,44.13764,21.642246,-35.237183,-39.73901,-23.48266,-15.002862,-14.306246,-14.452488,1.0871843,-8.5889225,-19.449053,-5.8646517,-8.172414,-14.423706,0.57076406,-1.7636743,-15.932698,-10.1490965,No PD
0.18679015,741.4900862818457,811.2550353736918,1068.518100220741,0.0469067856215374,-492.38275,88.79958,37.46797,18.252699,-15.814556,-30.10474,-15.738403,-13.959544,-20.464018,-16.786066,-11.008959,-18.521837,-20.783125,-6.6623893,-4.0321274,-5.5616693,6.4010153,5.466709,-5.8709106,-1.330693,No PD
0.29652557,1342.8114088136551,1665.6347115485062,2728.314385700863,0.07265494501670379,-382.11542,127.364815,-4.5822644,48.65967,-23.891542,34.007957,-20.607029,-4.184005,-5.3005714,-2.3331044,2.52575,-11.4598,-1.2803017,-15.715484,3.7503707,-0.9467968,-0.41135263,-10.342144,-10.982206,-8.3264675,No PD
0.16004263,696.8991414845945,1049.2280610444027,791.4569788738105,0.03214884299307959,-642.8295,97.06206,40.66059,23.107847,-18.141794,-21.458403,-18.208302,-23.813528,-21.291265,-11.2774725,-20.074514,-13.545082,-14.19487,-17.162415,-6.6546316,-20.004446,-6.007798,-6.140497,-15.586312,-5.7533636,No PD
0.24066167,662.1073249533305,896.3272808862464,836.8419462037318,0.03795083055218446,-631.1636,137.10257,55.501114,23.601856,-17.696934,-32.553787,-29.578182,-27.07463,-19.335339,-14.8312,-14.280841,-16.682512,-17.185291,-14.567528,-12.579981,-8.44934,-4.068521,-5.754531,-7.1346803,-8.073442,No PD
0.22638981,601.0220400612388,871.1933651098358,707.2402581935976,0.03275123327405149,-577.57324,113.23956,56.23701,25.31366,-1.757192,-20.044497,-15.012664,-4.972511,-16.618767,-22.083797,-17.30044,-20.651886,-24.086134,-17.984257,-5.8585434,-5.4253016,-4.854205,0.9045604,-0.9764682,-5.831444,No PD
0.16198376,669.6444346819941,896.2370254389806,891.189922863924,0.043393849991209564,-589.15295,102.01667,48.44615,13.372871,-6.5053754,-12.599978,-11.207386,-8.831118,-10.307667,-14.108289,-17.808548,-19.576706,-14.025839,-6.617717,-4.3702993,-3.4266753,-6.34643,-12.84303,-14.07195,-13.378573,No PD
0.28148982,1046.3603241520295,1394.6449972461046,2067.6031224867875,0.048138786764705885,-653.3363,116.17117,29.004345,22.75875,5.3805733,-5.9881725,-10.469199,-10.031286,-7.1886406,-8.564427,-4.4991693,-4.52984,-8.015375,-13.92728,-12.7672615,-8.711853,-11.150164,-6.3260846,-1.1369157,-0.7916378,No PD
0.17049974,864.0840704992277,1098.4079578171957,1258.2127269553073,0.039940860684357544,-621.37616,111.56864,23.612171,-5.574156,-21.450632,-14.903753,-7.828568,-12.207987,-9.60291,-8.292854,-13.147772,-13.744826,-13.108688,-16.751797,-13.166605,-6.9413295,-4.015715,-1.2923341,-3.6139376,-4.898344,No PD
0.26974946,847.9486489777962,968.3932487634788,1283.7961586288927,0.05465032980103806,-468.2952,113.82741,29.80333,19.1668,-21.979668,-38.447926,-18.830233,-3.928048,-20.251055,-14.812861,-13.657176,-21.010847,-8.634555,-15.529229,-12.741397,5.1575456,1.3306419,-12.272195,2.7784665,3.0754552,No PD
0.1745056,575.5993869456358,711.8163713676612,671.4761210229112,0.03314493604274611,-643.39453,95.65765,56.946194,21.628605,-10.723954,-30.408255,-33.92792,-30.393805,-23.851095,-14.828469,-8.486015,-8.02834,-8.788664,-8.334458,-9.627476,-9.766814,-5.207895,-1.6220751,-0.59599805,0.23026142,No PD
0.16980231,559.3051387565109,949.0286603721254,611.9506703107998,0.02871826968852013,-553.15454,63.11368,46.3522,30.638798,7.1129146,-6.2807884,-10.209087,-13.962128,-12.887622,-6.6277766,-7.2259026,-9.787912,-7.920489,-12.396806,-15.669905,-12.641734,-13.565005,-13.408904,-6.9173927,-3.7993662,No PD
0.18145931,554.8776025188631,718.0108853528948,681.6887350643383,0.03660468093487395,-577.9178,125.22067,47.611202,14.036377,-1.9774975,-11.399111,-15.458648,-18.07964,-16.60614,-16.920042,-17.997065,-19.242373,-19.062504,-12.706687,-7.867238,-4.43032,0.6432643,0.93612564,-1.0226089,-2.2057743,No PD
0.22561052,560.2554417564187,782.3588070613762,698.0804655778712,0.03583599187935035,-516.8547,98.79751,57.39696,29.688393,12.214465,-3.2269592,-14.887741,-18.29308,-20.623207,-21.79205,-21.038244,-17.911703,-12.138135,-9.888937,-10.950205,-7.773059,-2.7530441,-3.6962614,-3.5277357,-1.156221,No PD
0.21450244,957.1935221959234,1283.6760498091971,1379.9512336827531,0.05114715189873418,-401.6615,102.491875,43.67457,20.203228,-33.226692,-23.92952,-38.597607,1.7292855,-6.777885,-14.788904,0.30088818,-17.761572,-12.206497,-20.090956,-18.91353,-7.0543356,-6.2944884,-13.152906,7.812009,5.3055415,No PD
0.16838382,683.5166061134295,1045.5672787506396,737.0536295572916,0.03339075159143518,-677.3794,108.821396,57.051285,19.142097,-8.752408,-22.084894,-25.550724,-22.069933,-14.461442,-11.596252,-10.175975,-12.151555,-17.825426,-18.247957,-15.826428,-12.70215,-7.216129,-3.497758,-0.36507788,2.9442945,No PD
0.19765878,683.96523601883,927.3695671800174,992.3981362200798,0.035725911458333336,-600.02924,135.0106,49.46782,29.829964,-2.0939667,-3.4266744,0.78455967,-5.38809,-7.5495586,-19.0744,-22.233633,-16.520046,-19.481895,-13.269977,-2.619439,-8.925788,-7.621267,-3.8842573,-9.601217,-5.126035,No PD
0.23006956,661.7907142621507,922.5689138187153,798.9789118532275,0.0380859375,-567.1644,146.1404,60.62513,26.514507,-28.148733,-34.28437,-28.77076,-23.798532,-16.058718,-11.723127,-18.355036,-21.72986,-12.893644,-16.536236,-4.2941246,-5.855711,-8.458687,7.1987314,-1.8759174,-0.86594474,No PD
0.18725362,695.5580492735857,905.5556207663078,918.9253957648026,0.043400126292293235,-594.4192,108.99002,42.08365,11.924837,-11.327798,-15.717542,-20.751665,-21.255365,-17.291233,-17.950985,-7.3857303,-6.841486,-11.160365,-3.894758,-7.689742,-8.899874,-2.4787662,-5.386015,-4.021541,-6.0842013,No PD
0.27249226,956.3681089299679,913.1788844810627,1590.2127903818296,0.09011052617963576,-289.82648,148.66971,31.91132,5.26255,4.833187,-2.9149425,-12.557954,-14.180743,-2.0249186,4.525997,-3.5138915,-11.082993,-14.980218,-12.764439,-4.702386,-8.27737,-14.486261,-12.978021,-10.641981,-6.463707,No PD
0.22867581,941.0485830334649,1037.399175615498,1434.7874560046928,0.05986361454778157,-635.7583,119.71355,7.835251,6.3765535,-30.429785,-19.704689,-6.268572,-16.65749,-10.798452,-10.4911585,-17.798805,-16.483849,-10.7657585,-13.003158,-7.3997483,-5.312,-8.986448,-8.084451,-7.2401085,-3.9222887,No PD
0.23234935,825.5763820001985,851.0151514148561,1338.2741224045722,0.05723377202181208,-556.00555,114.18153,56.78833,26.993702,-4.363282,-21.513845,-20.55341,-16.783314,-22.568012,-21.34127,-15.884839,-18.26554,-13.69956,-7.9792757,-0.053220097,4.4674687,-1.8523437,-2.2966108,-2.2921138,-7.328156,No PD
0.23351678,744.7844078444788,909.6391320645489,1195.5025748810554,0.04076219182525952,-549.8496,151.15814,37.06202,13.402092,-25.028223,-26.228409,-14.328149,-8.285757,-12.422202,-10.631222,-10.444873,-5.341957,-10.014824,-15.165794,-0.8567579,-9.418448,-4.4046,-3.5540915,-12.107807,-10.934991,No PD
0.14151908,535.1985960588779,628.1239322384199,603.31728515625,0.0333125,-468.47708,123.15797,42.647343,27.778528,-22.365822,-38.739147,-24.357359,-29.52066,-22.727495,-16.512327,-13.78109,-10.9554825,-17.939993,-5.361008,2.803839,-8.687221,6.224536,8.137228,-13.564612,-0.53935385,No PD
0.31206763,1386.7071653304547,1585.4170854441131,2550.9445976965208,0.09728039089347079,-399.96112,127.59347,-7.5736623,42.92007,-23.809074,29.054737,-18.987991,-0.541769,-2.138367,-2.178031,2.1821623,-11.0020895,-1.3867663,-14.218619,1.9151012,-2.181327,-3.1401777,-12.815253,-9.988954,-8.189538,No PD
0.1839695,698.4276496594862,990.5571865765771,887.9257574314024,0.037660605400696864,-635.5661,102.4666,45.58055,25.24488,-14.25792,-14.690395,-21.634842,-23.08264,-18.574348,-17.560833,-15.612248,-14.34977,-18.903725,-13.566108,-9.181675,-19.136292,-4.4974465,-11.227835,-12.426547,-3.7393272,No PD
0.23718643,620.6993378478127,824.0133988615427,799.8350844552865,0.038865643527667984,-624.45197,149.26971,52.248802,29.837196,-18.546106,-30.28291,-25.403606,-23.99848,-18.792961,-16.14004,-13.800932,-18.22017,-16.534565,-11.972112,-11.000004,-7.6094637,-3.1226354,-5.3467937,-7.1068883,-5.9824553,No PD
0.1990314,510.61090702228984,646.0459976857491,639.6008943256579,0.03406954887218045,-555.4474,148.2762,58.777416,34.906715,4.5950255,-25.365025,-17.898867,-11.926291,-27.712826,-30.93211,-17.99837,-16.387583,-22.390646,-15.65487,-3.6512396,-4.802434,-5.634692,1.2141317,-1.0142134,-7.6368976,No PD
0.18339886,671.1111160441714,841.4688391000603,942.2418730137712,0.04439552436440678,-537.61615,144.12936,36.48729,9.812507,-12.857753,-11.663581,-6.9958687,-9.00487,-11.836068,-13.189002,-23.779572,-23.410053,-12.020033,-4.442081,-4.7048273,-2.7504487,-2.9129014,-18.88284,-12.567361,-11.603037,No PD
0.23677444,714.2487404372475,971.0245681038359,988.7792608394834,0.04370927986623616,-617.6431,148.53177,38.94075,31.516716,-0.6430306,-11.47554,-18.42219,-13.595188,-9.917008,-14.306292,-10.791921,-14.333672,-13.888318,-19.044561,-13.258581,-6.6283994,-10.874763,-4.5497937,0.23583737,0.8277802,No PD
0.21317494,960.9398283498105,1133.838298536877,1496.8105239356123,0.05128263947147651,-591.21045,127.47976,3.0431638,0.69260156,-28.913761,-17.591547,-7.8481903,-10.780703,-3.4583912,-3.2780826,-9.883378,-15.285751,-14.216153,-17.969582,-9.142993,-4.3838677,-5.4828367,-1.3610226,-6.3716884,-5.81023,No PD
0.28776595,967.0006223573547,1038.4221979455317,1578.894746424788,0.06294028072033898,-426.66696,120.12885,27.090843,27.330412,-23.41246,-33.789658,-28.297432,8.375129,-16.950659,-21.947887,-5.290558,-21.389194,-9.182725,-14.77121,-10.480966,-1.1840478,1.474206,-7.290385,-3.8026364,9.075274,No PD
0.18782863,605.9841524984216,613.8214144977488,853.0261671686746,0.0380878984688755,-614.1768,123.365456,56.54256,25.691504,-19.594177,-41.692623,-32.19023,-30.243166,-26.12958,-11.218619,-6.09692,-12.751975,-12.952423,-8.629709,-11.699407,-11.2330475,-3.3987188,-2.678396,-3.4153845,-0.4154405,No PD
0.2061136,604.3508477397617,826.5496349256877,824.0804335650275,0.03951846852022059,-591.0785,100.882935,65.1077,37.246403,8.324783,-10.004486,-17.036217,-17.835176,-15.494557,-9.146199,-5.921156,-7.8043294,-6.998839,-11.396394,-17.712633,-15.8582535,-15.107271,-16.370419,-10.321929,-4.0547905,No PD
0.20594448,783.3854688632283,905.7399505703733,1120.3507133152175,0.0497268455615942,-590.6892,116.82583,38.809875,17.757545,-9.36325,-10.430344,-12.590401,-12.928815,-8.980135,-16.200645,-21.162329,-23.462202,-21.346376,-12.913988,-5.830586,-1.8059524,2.3999531,0.37572303,-3.1549575,-5.5553036,No PD
0.2316766,509.3647950325113,658.9285924502243,673.34326171875,0.036091796875,-505.69662,139.69682,66.87319,29.437008,7.935125,-5.8030467,-12.096302,-12.266979,-20.037695,-25.094559,-25.16525,-20.79803,-10.760524,-10.764006,-15.40875,-10.654558,-2.7041426,-4.951582,-4.703672,-0.31527796,No PD
0.1996025,828.8541937479675,1076.3138730429046,1125.9290612262228,0.05194887907608696,-401.05154,132.22568,50.931316,21.550735,-43.573406,-29.70159,-36.40945,2.151486,-18.766481,-19.814602,7.5184493,-15.343471,-8.295212,-7.9899383,-18.003769,-15.194743,-4.63763,-17.976673,4.834832,6.914163,No PD
0.20859812,760.5901679670505,1007.8818637202935,999.8741736778846,0.03935761504120879,-641.639,120.34877,57.930088,22.289026,-20.293253,-25.55012,-25.852003,-21.917894,-5.1886106,-9.41278,-9.295588,-10.525757,-23.47561,-19.225983,-15.390616,-14.733265,-3.396304,-1.1972809,0.2596232,5.7090383,No PD
0.23042375,1091.3698407181573,1267.5917728204013,1725.6227702763729,0.03668695056599229,-517.7451,129.74968,-42.132595,10.06219,-40.64293,10.449832,13.207193,-5.641874,-24.029263,11.378376,6.5940437,-20.306807,1.789215,-18.677313,-5.1367865,-3.428147,-11.28153,-14.527695,-8.087234,-5.3440776,PD
0.37598923,1228.875183720513,1537.4493295712127,2576.9243084016393,0.04235696904274005,-452.7769,107.28094,-7.72728,10.029402,-0.81048,12.558971,-12.1178665,11.49249,2.2740653,-0.14933406,7.903407,-16.880533,-5.3141837,0.87035775,-4.748748,-7.1193104,-3.1634736,-0.42898232,2.2175603,-6.072234,PD
0.40309456,1037.0546317306384,1401.8480360746275,1310.8590989863728,0.034619337777590846,-312.70416,164.43193,-14.273594,-11.862187,-46.22063,8.668732,-1.4815705,9.4421835,21.372744,-29.838192,10.736514,6.6500483,-0.9504521,-8.932231,-13.76567,-1.2613443,-18.38889,3.1160233,-0.6510911,0.19834538,PD
0.25488558,1219.376075841223,559.3709444660595,1569.3443298339844,0.10155296325683594,-302.65536,129.81573,-71.221344,-77.12366,-13.079961,11.534542,11.2045965,-1.9071649,-8.963072,-5.938648,-2.088376,-5.041575,-14.337087,-7.405317,4.173754,-4.418615,-7.8774743,0.22058351,-1.5201973,-4.39026,PD
0.23261802,966.9203896801388,1026.4282557388112,1661.8426983173076,0.04695280305631868,-456.11984,164.03784,-33.93919,-2.1566014,-18.477423,-4.838223,9.285417,12.803545,-10.4151945,-5.3821697,19.862688,-11.611103,-14.390917,-6.0767093,-7.417712,-3.8362179,-3.3914373,-4.0928206,-12.8033495,-6.17468,PD
0.2582405,1061.8377797956207,1104.4030581110965,1657.7407192176497,0.04909232412705399,-416.16086,152.03433,-58.76085,-18.552248,-14.682282,25.067442,-19.895575,10.55384,-13.155701,-4.777756,5.034375,-22.687105,-9.977108,-3.6068673,8.507937,-25.177181,-6.671028,-8.263366,-12.4868145,4.427011,PD
0.34027943,799.0595125439744,1059.7464246272273,1282.056067600723,0.030416021005509643,-364.24246,184.52066,5.252013,1.6034739,-35.30138,18.664534,11.264013,11.080725,9.660949,-18.832453,11.624814,6.264269,-11.174667,-16.636345,-11.821031,-6.434888,-5.7527933,6.734498,-1.860059,-8.3068905,PD
0.3478704,1076.608344132558,1169.3941195240513,1606.5400834517045,0.061594460227272725,-283.80295,154.92258,-13.5226345,-9.664688,-49.06484,11.839594,6.877924,-2.4826837,-3.3678489,2.4491236,13.452133,-16.36596,-9.398245,-13.030483,-11.253571,4.687484,-0.10167606,-5.1346664,-4.169231,-2.5399363,PD
0.3243436,1045.81303699511,1255.0843870524045,2048.525390625,0.04739767590408805,-310.98947,170.40894,-52.06977,35.907448,-27.204338,16.609602,-16.520775,-3.6592479,19.892809,-9.095694,17.844913,9.548932,-30.80316,-23.0688,9.86238,-6.140929,-4.4009266,-2.9379306,-6.773188,-7.1136045,PD
0.20293781,1164.1524038107234,1140.076923068339,1749.4711821933963,0.05473858946183533,-312.4908,161.79066,-72.251175,7.6489067,-49.70511,5.784731,12.559502,-10.60627,-0.68622905,-2.727287,-8.897821,4.039573,-32.928936,-8.23053,12.526419,-27.733637,10.3649845,-2.693043,-11.0684395,-7.234374,PD
0.31735602,884.4297981987091,1316.866088372081,1201.2593467462152,0.037670754704583684,-446.13593,183.87448,4.863515,-11.830519,-11.696057,-4.305536,6.352837,-2.286949,-0.3379495,-7.518107,-12.092627,15.888349,20.252003,-3.2755585,-3.38454,7.7280736,-20.520514,-7.2123437,-0.3484246,-2.3648388,PD
0.2195945,1241.8941455295671,1199.8818261763731,1551.7775889567413,0.08072099310862445,-287.29678,132.52768,-57.956562,-14.234707,-42.21389,11.906776,21.441475,9.466916,-16.39228,-2.2407742,10.088885,-12.905194,-24.516901,-0.3535746,-9.106428,1.353933,-8.149377,3.036349,-14.148553,-19.064117,PD
0.35179466,1051.9584548859689,1146.05464208957,2084.4004554206163,0.045939320448262246,-321.83698,196.97546,-60.309933,31.095423,0.9696145,-4.9868045,-7.9386973,-3.4201896,-21.262424,27.837337,13.855781,3.5534687,22.015394,-37.835464,8.822928,8.800136,-26.034447,-7.6737585,-0.34413883,-8.860594,PD
0.29950473,774.9231224054861,1219.2971974203635,1082.507534684806,0.028050915948275863,-382.00296,174.01224,12.739078,9.894249,-48.77335,21.321842,-16.996706,10.476556,-8.0089035,-27.74687,20.428177,8.578213,2.5748248,-0.29232004,-10.417897,-21.989864,-10.265635,-16.076977,0.41689733,-11.977333,PD
0.18268426,905.1672805022898,1285.905950638582,1671.6050435481459,0.025106767718301434,-395.15295,137.3173,-3.0756547,17.562616,-43.819313,13.993794,27.87294,-18.509422,-14.705763,4.579879,-2.6848023,-10.992857,4.613432,8.788165,-31.369411,-23.027832,6.2119527,-28.022928,-4.6528163,4.617325,PD
0.23609334,999.0736086411566,1417.3021526001526,1858.5205078125,0.019794766865079364,-397.06534,149.60063,-14.500393,19.788279,-20.001457,21.493887,-8.510961,4.9889836,-0.93069017,0.72213954,21.884651,-0.37935248,-15.20474,-22.325413,1.5496703,-5.199241,-15.672047,-12.058099,-2.5458517,-8.425854,PD
0.31515694,989.8218196088794,1129.1902961775493,1462.7693422379032,0.057659940236175114,-339.95987,177.02013,-29.17053,8.928721,-53.11183,1.6467645,14.069804,21.331532,-26.725239,-1.9964457,5.4613433,-14.118659,12.247675,-18.878363,-11.194894,-14.18439,-7.1037617,1.605179,-5.1615105,-15.409201,PD
0.4226919,1393.289784108344,1292.2716499734865,2960.4661315452054,0.0664248866889313,-327.87094,154.20352,-87.90595,32.74086,-41.765274,14.720064,21.265024,0.3807249,-9.187168,11.242429,14.344656,-4.0525684,-10.504504,-32.34389,0.379102,-4.7111955,-9.855521,-2.0080235,1.6211723,-11.057014,PD
0.34503475,1255.2254514055235,1192.4092006094343,1724.6376866511919,0.0770531631097561,-389.58606,125.58153,-65.14466,-24.761703,0.27964273,31.76122,3.221535,9.338569,-1.753855,3.496141,-9.278817,2.924489,-9.184202,-5.1050887,-1.0104017,5.9529643,-5.9841337,-10.790624,0.3588363,-7.8769965,PD
0.29104745,1045.2379311888858,1530.751620835153,1660.6129566384427,0.04108586657646648,-547.6965,134.93541,25.226852,17.008781,-43.535828,-36.984577,18.050856,15.15296,-0.005643024,-6.405262,-1.3016952,-0.81802434,0.16462,14.745191,-13.378544,2.8185408,-7.893149,-16.042934,-4.365314,3.263878,PD
0.3601362,955.0171798993083,1262.3828608965107,1609.046021333728,0.023350944054465493,-490.08484,166.92557,12.921448,22.49412,-66.630516,-6.6503425,20.557121,12.237178,-15.718737,-5.2992144,13.702831,-11.319593,15.698217,7.779737,-17.280594,-2.8061364,0.43923986,-15.082079,3.9518895,1.7554132,PD
0.23362051,1186.8092533426334,1836.4299988565997,1757.9639161555338,0.029683022922636103,-497.4025,119.08137,22.829332,-6.506506,-27.775341,11.421897,19.993942,3.4181643,-14.319692,3.2811773,-2.608492,-3.8156703,8.82545,-4.7614245,-18.092402,-11.58145,-12.383003,8.5704,-18.631704,-4.3157034,PD
0.21229047,856.1779012701346,1432.987075369205,1062.6611709594727,0.03237806047712054,-357.19406,141.02687,31.33891,-4.5316114,-46.929905,2.4926715,3.5557415,6.887088,-15.143704,-10.316519,10.604106,-5.861398,-5.3424773,-1.4441935,-14.922122,-23.720003,-2.5000556,-3.1160598,-2.9590657,-5.3081274,PD
0.20034462,1329.4146334332922,2104.869306423568,3485.5136009954635,0.01807526619203629,-410.4775,96.7087,22.33338,14.4786005,-19.028994,23.162834,15.661786,-5.1069818,-2.536212,-17.024437,5.2266493,9.274825,-14.735357,-9.350713,-3.3743658,-9.288297,-13.518054,7.9416704,-15.921078,-8.291774,PD
0.28481784,1154.5467928231635,1232.9186012168857,1893.665771484375,0.05663655598958333,-380.85416,158.08122,-54.44555,4.2512193,-20.875902,18.243616,-19.805908,12.341202,-12.736265,-1.8715746,30.250492,-7.7829547,-0.7420486,-27.736532,-6.131726,0.4110966,-18.835125,-12.6909,-1.017738,-1.6905504,PD
0.3978004,949.1611872346662,1161.2361139360955,1346.2726010074564,0.041477724949731905,-389.02588,167.93164,-24.49014,11.302554,-43.36282,-4.1909223,3.0620809,10.59628,0.07745525,-20.393244,29.07228,4.0551734,7.5370245,-0.21539475,-36.042103,8.640378,-5.3564386,-13.426831,17.500298,-7.9370837,PD
0.17743473,1152.0610745995639,1509.745622404702,1715.4826455066886,0.05285012406501726,-409.6757,111.11885,-22.802113,-5.204539,-34.193085,-1.9469362,19.208557,-7.848471,-6.981226,-9.385958,7.1962824,2.3833566,-11.247942,-10.056885,-36.00736,1.8566389,-6.8287635,-16.059906,5.054411,-5.3214273,PD
0.21550164,872.1277654515295,1122.4299951930227,1390.9319944688618,0.02249585630214541,-397.9803,160.53662,-15.685966,-10.803251,-20.774582,11.794697,-1.489973,0.7784402,-3.3828008,-15.526065,11.663275,-11.180251,-1.6029108,3.9067738,-35.17154,-4.1027536,12.745519,-22.607763,-8.746192,2.94058,PD
0.20736139,987.0418609719126,1186.1978509156882,1462.822265625,0.03316674325980392,-546.0473,143.75584,-41.57983,13.382954,-44.438305,11.1270275,14.128096,0.68087506,-25.461262,13.639652,6.1641545,-17.38216,-4.903347,-19.209967,-1.2960862,-12.320904,-2.0355127,-12.655627,-11.903352,-9.295175,PD
0.2698085,924.3936848444097,1214.3657900784601,1487.8748739919354,0.03686129662298387,-460.83844,151.1305,-12.928272,7.230285,4.765112,16.028847,-16.48762,18.57298,-6.4031434,8.724595,10.515254,-20.974148,-5.0450716,-7.8476553,0.9144863,-14.441619,-2.4768488,0.14082016,-4.6262083,-3.9758232,PD
0.40446106,1078.454157385356,1369.915037962242,1300.91846820323,0.04678430980820996,-265.05237,162.89917,-22.562117,-12.099029,-48.611153,8.535625,7.271458,7.1074166,14.760512,-22.890888,9.360647,7.189255,-6.721558,-10.36384,-17.84962,3.703773,-19.669125,7.949752,-4.240645,1.8828462,PD
0.19618793,1303.9858310473733,562.8707432081648,1631.7055062071918,0.11219989654680365,-307.77615,110.481964,-74.16894,-62.92297,-0.054314416,24.133759,22.213709,-17.700087,-38.28076,-13.275848,1.5652541,-2.7076905,-2.0678666,3.0197754,0.7087543,-8.877186,-10.519742,-5.401837,-1.4111217,3.0040896,PD
0.21066588,901.9714017922279,940.0597401016246,1365.408890335648,0.0426392103909465,-343.74313,166.56465,-51.739502,3.935917,-27.339626,-7.2183266,13.661251,6.2270055,-9.731517,1.8607749,14.331414,-11.206585,-26.98689,0.83990806,-4.8042173,-11.525853,11.404932,-20.316294,-6.98498,-2.936322,PD
0.26646337,1160.0309453070568,1099.871544018079,1776.3590166645665,0.06786321824596774,-390.95187,136.50618,-78.270584,-0.4730894,-15.312292,30.671965,-15.633043,4.964453,-9.251676,1.549266,0.036987428,-23.282766,-9.189492,-4.4648066,15.273489,-21.979591,-3.8459709,-7.388029,-14.481668,2.3685503,PD
0.33036876,791.2424834340031,1037.0123217122682,1216.2547144396551,0.029793574892241378,-299.35815,207.61525,-1.8996671,7.167709,-45.2509,28.714031,4.8796244,6.0088434,11.750689,-19.862255,9.938229,11.046685,-16.65045,-22.581808,-4.283971,-16.153286,-4.2316766,10.080781,-6.7761807,-7.288489,PD
0.28179342,935.359850730026,1073.314375237141,1520.1791697535023,0.050177212419181036,-283.75934,183.66649,-51.17653,20.38403,-30.456009,15.382938,-15.229052,1.6897544,10.1594925,-9.464666,27.854404,8.637749,-26.419075,-19.570162,0.8679354,-6.556167,-2.5481033,-10.196217,-6.540085,-2.227949,PD
0.1689919,1180.5074062013482,1126.676863805339,1821.8905897025602,0.0578132843875502,-276.14053,163.08229,-82.35255,3.9012485,-44.104572,-0.6041208,3.9242496,-12.026818,-5.519365,-2.450526,-7.7405405,4.6434627,-27.408869,-4.8267117,14.639416,-25.807398,4.729219,-2.6898007,-7.097853,-12.762271,PD
0.23897497,829.1139455583892,1143.9735209804796,1105.013484208185,0.039003419706405695,-417.874,164.16478,-5.9956317,-19.989077,-4.4405384,-2.035094,1.6806592,2.8653913,-7.145906,-5.5837946,-9.623867,18.678099,11.159168,-1.4581416,-4.4507713,1.7442266,-9.760015,-3.250421,-6.6040063,-2.665636,PD
0.22689104,1375.8228828984074,1401.9136469652042,1914.2517862440664,0.0848836778085443,-263.92896,110.501305,-53.03463,-13.0873165,-49.79506,14.030316,20.834286,6.221987,-16.54698,0.9358939,9.719801,-15.821557,-28.002811,1.5438029,-8.838271,7.8277397,-13.138077,6.7931957,-17.632153,-18.160717,PD
0.30253237,931.6706036370956,1056.8902168470659,1544.8377714382382,0.040546567421259845,-313.9038,204.72148,-55.23575,24.392578,-7.187988,-2.098801,-9.355952,7.9986105,-24.418266,20.243639,25.402487,-3.6833224,16.468102,-33.511177,4.637603,6.302809,-25.091967,-2.4956057,-5.4204135,-11.855874,PD
0.2488846,786.1315770949658,1153.6968865063943,1125.3924512487697,0.03165754183070866,-358.35342,160.29086,5.2741284,5.520372,-31.783287,1.334916,-14.699493,12.00231,-12.755696,-25.186861,19.320288,3.809942,5.550973,1.683879,-17.630512,-14.825472,-14.38106,-20.82639,2.1544163,-11.537677,PD
0.28156027,916.3749641661799,1227.8180533202426,1749.014320215249,0.03250413316908714,-474.401,138.1066,13.865898,7.8613358,-31.642626,5.7404385,29.20118,-6.2220526,-8.99859,2.5242321,3.3716316,-8.982701,3.7856576,15.101281,-24.703758,-17.128687,5.80875,-20.850971,-5.830836,6.4127374,PD
0.19553158,1175.5466815170869,1672.8584755561926,2286.9715437104433,0.020073097969409284,-317.2762,147.71828,-23.551897,17.531904,-20.770063,34.571266,-25.68294,14.484369,-10.3062,1.2056742,25.074495,-12.848429,-4.418949,-30.823416,2.3423643,-1.6345934,-23.776783,-12.934842,-0.7670367,-8.725607,PD
0.25995293,904.1845794003139,1217.082605812943,1242.699312876506,0.04088031814759036,-361.35098,183.99863,-17.436705,16.70442,-49.20544,2.8418307,10.766537,22.895262,-30.718401,8.858148,6.3673043,-18.171589,17.021713,-21.632675,-4.926197,-13.532406,-10.004388,3.0825427,-6.748037,-18.438732,PD
0.40635413,1672.8128891223805,1388.423655829042,3454.0957802220396,0.07501541940789473,-244.1946,140.93803,-101.86386,45.409073,-44.874462,29.686438,17.232367,11.138169,-12.987773,17.892214,11.255761,-10.213304,-7.2743273,-37.173084,10.985727,-4.4940095,-9.113614,-3.790359,3.5533898,-11.141691,PD
0.30891076,1217.2973568933303,1175.2023761331907,1677.1882199610113,0.07094200437145558,-373.2431,125.11979,-56.084076,-36.322777,4.92882,27.519897,0.57341343,5.0602946,-1.434571,-6.7032013,-5.0578933,-3.9442673,-10.565809,-1.9927646,-0.8214824,1.0800226,-8.47513,-11.771491,1.3892634,-3.0102115,PD
0.3123616,1296.1317874324143,1636.0154743050014,2928.6277770996094,0.038525899251302086,-593.05786,111.835205,8.472501,28.549871,-41.364124,-27.075256,15.395618,6.7062554,10.17647,-7.118355,-1.0678868,-2.757089,4.2313285,14.654037,-12.942299,-1.4595528,-4.7770786,-14.5863085,-5.2569575,1.0128196,PD
0.36653438,1168.505795231224,1538.4048070162792,2611.3671490526576,0.026611328125,-390.14584,153.75131,8.3764305,29.620096,-87.74029,19.821102,20.00165,4.6228447,-8.93622,-0.39153668,11.343923,-20.256756,17.942785,-2.565592,-20.759281,-10.93232,-1.2286783,-10.161902,-2.9305515,5.696041,PD
0.19430569,997.7698487420894,1590.8893190172573,1455.9995589717741,0.029862161178315413,-420.5209,119.94384,24.566273,-1.6991593,-36.293484,5.5600114,19.389606,6.9243526,-24.779413,6.1087704,-3.4542105,-5.7279735,2.2041848,-6.761109,-17.89819,-10.353982,-17.953184,13.289994,-17.808388,-12.141202,PD
0.17612813,712.0954634576882,1245.454709401394,873.2098388671875,0.022440011160714285,-388.82935,128.85834,30.560736,-7.679736,-42.55444,4.9489365,0.13255681,8.913169,-10.54003,-11.329643,6.610435,-3.0146248,-10.014775,-2.7626193,-12.498903,-25.080498,-1.4608781,-4.468877,-4.887185,-2.4535763,PD
0.16557254,1137.6374097440985,1869.8607130399112,2786.3743612211047,0.017218602846746575,-346.72827,87.84233,20.424133,6.466422,-24.72273,21.396023,4.0042677,-5.3226748,-3.029486,-14.1465845,6.9555373,2.221847,-13.609574,-13.045155,-4.7812867,-9.959368,-13.070248,4.1503515,-16.291723,-7.8383355,PD
0.32097793,1034.807213343243,1119.421834941439,1556.3308189655172,0.0439263705549569,-330.29547,163.1697,-60.531075,6.409263,-29.266895,14.469809,-18.764214,16.948746,-9.234034,-11.712943,39.43039,-9.163911,-13.1696205,-22.308994,-13.924121,-4.0141225,-10.560435,-10.35737,-3.551541,-3.4429991,PD
0.41090634,929.4529820217675,1134.7772575890358,1288.5249768273304,0.0402438923463983,-361.60315,175.7588,-31.995638,15.197456,-52.08228,-0.41381758,2.1025922,6.3062315,8.691526,-19.247232,22.759476,4.249883,6.9408317,-5.336164,-38.088997,11.982476,-1.6398196,-20.50171,15.26272,-4.469999,PD
0.16667469,1116.2905834176197,1358.8598882922458,2049.1409899076957,0.04900536588078292,-416.01324,92.89305,-26.20171,0.1680704,-47.052185,21.801317,8.808436,-18.236307,-2.6668434,-3.5002537,-2.7217495,6.412715,-9.393466,-19.44396,-28.420107,14.2945385,-15.160999,-6.2645693,3.0348709,-9.697127,PD
0.18548241,918.345732534852,1381.1790523208747,1396.966552734375,0.02285029970366379,-410.51608,161.51138,-3.4594593,-1.6600235,-23.887402,37.875473,-17.063364,0.17432906,-7.566445,-26.479853,17.15458,-8.494155,-10.420555,-3.477705,-26.592098,-9.287304,7.7771006,-23.708424,-0.94858027,-2.833386,PD
0.19013391,1184.9741659881122,1537.796743287054,2443.13671875,0.03678292410714286,-430.7828,112.79728,-34.704327,51.85019,-0.3592371,-6.4654074,-52.855038,14.595799,-10.103377,-18.690817,-4.8646336,-7.219933,3.0080693,-13.227905,12.813489,-19.97683,-0.24554844,-3.41171,-17.263386,-4.0528255,PD
0.24874468,1239.8920837938144,1562.9672976203383,2589.9028577302633,0.05080504538255361,-319.93066,109.185295,-5.918799,35.593094,-12.954339,-20.069532,-55.473183,19.302261,-2.966516,-26.707872,26.345116,-8.793254,5.1484165,0.97392464,-16.320284,-0.44487774,-11.586954,-13.550882,-5.2250113,-5.7455263,PD
0.23466973,1190.2541034496298,1721.8330619236954,1993.7554091036677,0.04688084767964072,-274.6202,129.103,-21.924301,8.271263,16.429743,7.0798206,-48.730335,-23.473515,5.723848,4.6610227,-8.695324,14.579957,0.14610958,4.9813037,-2.2793736,2.408637,-36.902626,2.9522302,-18.232147,6.918339,PD
0.19795491,1356.5244571336275,995.759914395068,2382.2146007414026,0.09290777144513138,-299.75046,104.20693,-64.23126,-0.14766885,-19.630972,-52.270172,-24.822561,-8.831406,7.299536,-3.756595,-1.474354,10.676385,-10.200209,-4.6816616,-0.3919456,-12.109994,4.411518,0.9126846,-8.777086,7.6460223,PD
0.28277582,1030.467156756392,1193.0709388242287,2260.481643676758,0.04382960001627604,-305.0797,122.57099,-30.946962,44.43579,-4.319636,-33.131542,-37.242546,13.205853,4.140299,-8.526333,5.7347183,-3.0195916,-1.3277125,-10.393546,-5.340631,-14.577141,-4.6086445,-11.176354,-13.210307,5.3215327,PD
0.25878125,1031.4274678707402,1367.416175236215,1998.1698713631465,0.03822175826149425,-396.43524,127.45896,-23.41235,43.721264,-24.266182,-25.626171,-35.579056,15.612821,-18.273048,-3.711533,3.196373,-7.5241437,-1.3303002,-15.162337,3.2949882,-19.882896,-7.3740277,-12.436299,-3.8888817,-4.605094,PD
0.31471753,1007.6334730205243,1325.5275914794381,2112.8134084302324,0.0368961462370801,-295.43628,172.09567,-15.549551,55.53423,6.887229,7.9182224,-44.903564,-3.7249532,8.356348,-7.710543,3.7952673,-6.4496684,12.519413,1.5163671,-2.1088777,-4.2309775,-11.284011,-10.776884,4.1907682,-14.484856,PD
0.28728613,1253.9127550016483,1313.6860725617103,2189.0380859375,0.065938636739418,-228.75424,121.62328,-26.033497,17.445864,-26.02188,-12.946995,-32.974636,-12.042113,7.050154,7.521036,4.994483,-1.8918657,8.192262,-4.049409,-2.228877,-15.419296,-9.386404,4.476847,-4.329212,-1.7955937,PD
0.21729164,847.1186428316316,1083.5614435233756,1955.9934454449153,0.04008113192973164,-329.33447,161.24402,-39.37458,59.56111,28.32211,-5.579063,-44.84872,-13.767981,2.4768486,-10.53684,6.2104945,-0.76790035,-3.7367072,7.801344,2.9315982,-10.463901,-6.897119,-18.839714,-5.4454203,-7.598121,PD
0.20812216,1309.034781645916,1311.572023882319,2607.926628388554,0.0520259049591222,-327.84164,111.73231,-62.317616,64.85059,-7.6353784,-27.61378,-31.09282,-9.025097,-0.23806684,-10.850407,-15.18453,18.692738,-3.3447664,-5.2843943,12.211784,-23.644543,9.163081,-7.3546233,-18.518562,-3.3736658,PD
0.29154614,1000.6705984555683,1530.8454336197444,1756.7466126147408,0.02970324874010079,-449.0443,142.93906,-2.9688869,23.105234,19.846365,16.655392,-34.81747,-29.941532,-7.0215435,0.64354575,-1.5183605,10.873361,1.7587943,-7.215088,3.2527027,13.01701,-19.306625,-7.574829,-9.447358,2.2882187,PD
0.19775656,1471.2324241854456,1798.3373605164631,3109.8589728860293,0.04564106203143022,-293.68756,80.535774,-35.176353,55.085197,-15.881467,-25.993408,-37.57534,-10.122896,-0.4802046,-17.1392,6.6094594,8.655543,2.991609,7.371469,-17.978664,3.5015476,-23.914993,1.0855254,-14.119683,-15.01656,PD
0.29431254,1039.3891887120235,1233.0045806475182,2371.7139366113743,0.032326070053317536,-350.86368,171.19951,-44.1202,64.46969,11.396337,-18.14741,-22.655079,-7.6617913,-17.028877,25.787216,5.2814617,-12.635513,22.500154,-6.950092,7.9029813,-10.138484,-19.599125,6.0408034,-4.8073173,-17.486082,PD
0.16974807,986.9389490483051,1412.101947539981,1947.018334173387,0.03630502352150538,-311.52582,138.505,-20.725441,34.37098,16.26297,10.419038,-58.41232,-11.486456,-10.557522,1.6113375,4.28531,-24.21979,17.763718,-15.205369,-10.980275,13.340635,-18.433489,-11.831711,1.6840408,-23.170017,PD
0.23529477,771.2790645022939,1284.1889750730286,1330.4248664952531,0.019195427874472575,-421.43643,127.954124,3.263673,30.518587,9.515441,11.301383,-11.622845,-13.904721,-19.136084,14.038181,6.086636,-11.780279,-6.7481055,-3.2182276,-0.6413505,-11.008689,-9.300921,-19.109045,2.323478,-5.652999,PD
0.23724946,1052.7498004628033,1601.8882309835378,2422.1806364239387,0.01925716760023585,-354.96484,114.69945,-4.2071004,58.336876,-2.9950047,23.592085,-33.767193,-10.971769,8.063381,-10.040529,3.6048126,-8.219999,-5.906714,-2.2389913,9.660839,-8.264416,-16.445705,-3.6287215,2.0384727,-16.446915,PD
0.23164412,1193.1249783934356,1453.621718421529,2525.3074541073183,0.04370165152259332,-357.25494,137.875,-34.025208,53.163364,-1.1901929,1.8991603,-41.503624,-14.5705,-6.6209917,7.2064824,2.2703025,-16.664457,16.676767,-12.744973,8.18487,-2.4190238,-34.674538,0.37359643,-1.6960973,-22.96796,PD
0.2362392,1924.0526378751763,1611.9934123263117,3913.6961649231994,0.10814271054025423,-336.25058,119.63844,-82.893036,89.67774,-28.68077,6.761044,-28.563967,-14.287783,23.307251,4.784972,-8.420052,6.8751235,15.569946,-20.462315,3.0066316,-18.028053,-17.566704,0.130094,-5.934584,-10.372145,PD
0.20689857,1591.3587966441523,1776.1835779636256,2834.698764911826,0.06239059258298755,-343.02246,75.33948,-29.605505,31.506496,-4.070638,-27.919615,-24.396357,18.153536,-4.074365,5.7151284,-3.2771068,12.476939,-10.043459,4.0560107,-13.306685,-1.4587754,-3.4654877,-10.583597,-0.5520598,-3.541541,PD
0.23095733,1524.917931116804,2275.0767168075245,3750.7814517691118,0.023693343233471074,-575.063,89.187775,24.911797,31.665083,4.379461,11.324885,2.2885818,-35.993965,-7.6427007,25.61454,-6.0087414,-8.610702,-3.176146,5.7132354,-6.808129,0.4233907,-6.7492414,-5.945257,-14.04483,-5.492139,PD
0.25810242,1025.5095433199724,1308.7254992794049,2428.9748100385273,0.030859375,-408.88666,143.83556,-20.535255,49.404255,-7.355244,17.218378,1.8352768,-51.69529,-19.306046,25.49798,-1.0391656,-28.932625,10.352849,9.311716,-1.9845582,-2.8859026,-2.7773345,-3.3204637,-13.604091,-4.028323,PD
0.20475873,1592.233470574656,2208.2327425146045,3541.1095316499573,0.03886752079778157,-441.03326,82.35639,5.744799,37.10688,22.694818,-6.5121636,-26.988157,-12.237188,-5.847193,7.183041,-5.071113,-2.433185,-1.2132131,4.7221947,-1.1236364,2.813776,-29.367434,8.247707,-9.276917,-16.813482,PD
0.22272597,1100.3537140089188,1912.718112218156,1994.8886969150642,0.02619468928062678,-337.54163,97.08017,23.475327,29.443722,15.634554,1.8988752,-45.85425,-11.03233,0.07014105,-8.062922,-11.132431,-0.8330845,-0.65873885,0.86167485,-12.423055,-3.6178837,-13.946535,-1.8084786,-12.001572,-4.5338154,PD
0.19796641,960.7023939255919,1683.7512346863266,1788.9068933079104,0.01843973575863931,-320.89273,94.81584,19.528318,34.69236,18.31763,11.878518,-28.214127,-17.751009,9.016647,-1.4233836,-12.104353,3.650242,-8.89238,1.5644249,4.7866693,-9.878925,-9.537097,4.473116,-7.3840346,-5.0319476,PD
0.20340537,1167.4049832118303,1229.553723780521,2408.605229459851,0.04784401731512141,-363.82025,137.49693,-65.72592,48.585705,22.921741,-18.106361,-39.59914,1.6825649,-15.3218155,5.36728,5.0243173,-10.323578,9.040594,-5.9422827,2.3858666,-13.524737,-13.995396,-12.461381,-2.2852492,-11.231121,PD
0.24479671,929.7032237358295,1172.7193541475706,1895.467579462757,0.032166363441780824,-383.38315,154.37093,-39.26129,40.97784,3.7360468,-1.7493585,-36.239273,-31.246798,10.9732065,-11.73507,7.568497,-7.607621,-2.4730737,18.199987,-17.067982,6.215673,-2.2214258,-29.541487,8.856796,-2.1019835,PD
0.15033235,1472.1700770343155,1946.4694169923332,3253.795335782285,0.04446916390728477,-381.08694,59.339462,-16.699888,36.533443,0.054834682,-3.9430158,-37.145973,-34.49738,0.20301344,-0.1569802,-11.218741,10.621043,-22.865862,8.318075,-21.42607,16.268415,-21.069216,-10.655603,16.261162,-16.777847,PD
0.2711591,962.8616137604489,1426.4215223331569,1812.4771610383063,0.02010128648233487,-418.55817,147.39886,1.1071244,29.920902,4.4010453,27.39482,-47.718647,-33.731903,14.563691,-22.270962,13.611732,-10.934122,-4.832378,20.413954,-19.629536,10.505629,-5.4145374,-32.068184,5.2985215,-7.8258195,PD
0.18464711,1335.461274119903,1709.4478337621374,2824.310302734375,0.017911202566964286,-485.38382,102.43915,-35.17277,64.11136,-5.987015,-1.1531359,-53.96915,13.368227,-4.865409,-12.662221,-10.826814,-10.445145,4.006762,-21.027508,16.00061,-22.304941,-3.3491752,0.24997668,-22.614056,-1.6980057,PD
0.29105356,1208.8540428507858,1503.7068197552662,2374.700249565972,0.04738136574074074,-334.23694,120.41521,1.0438097,30.851229,-12.012827,-14.533398,-43.945446,13.552394,-4.7065997,-20.032873,19.735363,-10.21095,-0.13546829,2.8226552,-13.3784,-3.793676,-5.295778,-17.27145,-1.0502025,-0.60585964,PD
0.2540275,1295.8449018014683,1852.8332673380974,2058.54345703125,0.050301339285714286,-279.1167,127.63956,-20.553259,1.5235611,26.414558,-4.2278185,-48.26124,-16.465479,-0.8278887,14.735446,-3.6818771,5.4366946,11.119628,0.576158,-4.4294167,2.2185311,-36.04178,2.6363459,-13.311411,7.5738015,PD
0.16729142,1081.3384462186996,914.6692792326097,1767.0817538831361,0.07035680165187377,-308.3001,104.47182,-31.946619,3.623411,-19.704693,-42.57206,-25.86172,-19.402908,1.4641722,-5.167474,-2.2955568,23.115238,0.5903041,-12.277043,-7.3652153,-23.590673,-10.031017,0.45646447,-9.908421,7.7937365,PD
0.2589657,902.8471364276304,1092.3005020361006,1826.97265625,0.041266999421296295,-353.03403,140.13045,-23.997,42.442104,5.01913,-27.130423,-27.19247,5.3949375,13.185271,-9.513474,2.449704,4.4672694,-10.630101,-0.6889568,-7.5287027,-15.23222,1.1237259,-14.723106,-7.8376684,-0.27378,PD
0.22317296,956.3149172459109,1277.2595123086742,2016.8990523726852,0.03488498263888889,-426.6846,120.939545,-26.785427,52.101585,-11.8203945,-30.559757,-35.25533,18.83659,-14.377537,-2.0033445,6.4339795,-8.566185,0.33034632,-13.679756,3.597485,-17.397766,-9.78066,-6.092892,-5.4692764,-6.2620153,PD
0.24597813,932.6167618762021,1394.091214650295,1798.2344019131397,0.019492802657480313,-304.49255,159.24963,-5.1476755,58.656334,-1.4479799,13.544067,-48.04982,-7.6650376,6.2619376,0.6487783,-3.0171614,-3.884891,16.051254,-12.211689,6.7229586,-10.199479,-10.865948,-3.7282345,-7.4657764,-10.089884,PD
0.1720776,823.4609524154097,1079.392491803281,1918.5305675828313,0.038423224146586346,-313.52704,168.41843,-36.267258,64.57698,28.925934,-0.88707393,-52.637856,-13.73395,6.031401,-24.879835,4.640989,-1.3109888,-5.4909687,14.574405,-2.333796,-13.21551,3.7039232,-17.405264,-9.030064,-0.46333256,PD
0.19213887,1458.3598001907749,1510.6042633129246,3100.1454270730806,0.06034502645177165,-308.45395,108.14871,-62.641525,73.356705,-26.68825,-21.99042,-28.172373,-10.17991,4.4158087,-13.631021,-15.673811,11.929595,-11.408383,4.616226,4.715228,-30.237566,19.189283,-20.255447,-12.960812,0.7905646,PD
0.25523597,1051.3008537330595,1489.1907554452644,1951.98486328125,0.026349748883928572,-446.17014,111.93772,-5.9392505,31.904562,19.189022,7.835559,-32.225227,-28.065994,-5.405782,7.992674,-5.389733,9.34484,6.5153713,-6.12963,3.226168,8.526353,-18.842659,0.6863283,-8.444153,2.9297554,PD
0.2334403,1436.2095709118707,1815.0927014691233,3174.1864465518506,0.046804999632784956,-294.81442,89.06443,-26.073494,53.621063,-18.64975,-24.829659,-29.109293,-19.444307,3.7304206,-17.962091,-3.0255399,7.0509467,-5.7171683,7.982532,-20.614355,2.1010916,-15.26977,-1.7585461,-14.64911,-12.307618,PD
0.2089678,1004.7073631763292,1239.031138318857,2260.5290593327704,0.03292033663127413,-343.75192,163.84589,-44.29856,71.50505,12.717564,-15.254282,-28.192066,-10.814441,-15.29381,18.925,-4.337852,-11.11027,25.414799,-10.909687,7.663003,-9.179043,-17.27283,3.4343824,-8.135989,-16.943077,PD
0.16367242,986.1370158028045,1348.964977019141,1930.3584061269685,0.03550035371555118,-271.90668,143.67566,-39.123947,46.267307,11.250348,10.499676,-55.965485,-9.848156,-13.615901,2.300563,-1.2045522,-28.517939,18.218792,-14.641214,-5.8404045,11.518165,-14.369822,-5.498097,-1.9301116,-24.446415,PD
0.18424262,833.3607316298342,1410.6484882011387,1437.230541087963,0.014328944830246914,-362.8971,134.19167,-2.504061,39.207237,-6.921004,17.520294,-18.197792,-15.628307,-18.64821,15.588612,14.00742,-21.118444,-6.433124,-2.7914813,-11.918092,-8.92257,-11.213166,-20.593786,1.6986673,-16.88067,PD
0.1902033,1021.9092918319895,1604.7610400987162,2309.0121532049707,0.01535394623523622,-311.6063,130.35196,-4.0578094,63.437656,11.349384,14.799956,-45.768734,-1.4995348,-3.5456955,-12.490494,9.8236475,-23.229837,2.408592,-1.6206417,-0.5207898,-3.4213376,-24.803083,0.5664115,2.0533564,-24.560999,PD
0.16970739,1114.0886058301987,1347.6161554736752,2388.6289297816265,0.045121893825301206,-291.44565,146.05907,-42.999435,58.164158,-6.306323,-8.4556465,-45.395157,-10.619269,-5.7366085,4.2171664,3.9187253,-13.587863,16.791315,-12.277275,3.0416973,-3.1126509,-30.796568,-2.459925,1.5724394,-26.784664,PD
0.22118796,2052.6195240189354,1536.9609933068016,3801.4352121660786,0.10957188760080645,-272.79617,115.00706,-90.31586,95.38348,-24.17517,1.638024,-29.280981,-4.3035035,21.104073,7.6309066,-9.230467,4.674326,21.093702,-24.65434,1.7189376,-16.050695,-19.863787,3.6672328,-5.1967754,-12.447196,PD
0.18065585,1686.4585643678295,1992.6059278117932,3316.1998294940718,0.05828523789188103,-346.54596,66.64449,-21.446444,33.540707,-6.6856747,-27.086884,-23.643436,11.889531,0.5125269,7.7793903,-8.496494,23.768671,-16.207447,8.596332,-13.850391,-1.7548565,-5.1213465,-13.276001,1.1791421,-2.7056365,PD
0.24908356,1446.4323662521115,2240.771538418688,3674.4381645617013,0.016657722643769968,-599.5396,87.447395,20.58676,35.113205,10.365507,25.469599,-5.090156,-35.00641,7.8635793,18.368126,-8.848999,-15.630526,5.9616723,9.243259,-17.237188,1.6928816,-6.0665975,-0.14986417,-19.51274,0.031263795,PD
0.2690746,1571.637801629834,1772.6110714775728,3550.4345085047466,0.04887551094409283,-222.38727,115.61816,-32.921463,76.968216,-30.591352,31.184175,-24.345875,-32.397808,-20.838404,26.132448,-7.006623,-28.053679,24.36945,0.07981763,6.0613647,-10.398056,1.4142969,-9.928439,-6.336526,-3.148409,PD
0.15828992,1188.1651520351759,1788.3759534025098,2590.675048828125,0.032472446986607145,-383.33136,84.707855,3.8938916,33.123005,9.373451,-7.0845513,-28.285114,-9.145259,-14.128239,10.477778,-5.3158784,-4.6264877,-1.7419077,0.65846145,-2.486483,-0.19821592,-31.966805,2.9391465,-3.8857257,-16.61576,PD
0.2009011,782.4416449801334,1445.8780535540607,942.0391845703125,0.023824637276785715,-373.85388,98.429115,19.142664,29.209133,12.970082,-0.3381557,-36.17934,-15.24707,0.97541285,-8.861223,-9.215073,-6.174487,0.7395261,0.9335106,-7.7827516,-4.225386,-10.978327,-1.6788045,-12.83865,-4.529072,PD
0.18550469,825.949934780002,1441.2942947600247,1556.0837560420414,0.016736805867805755,-320.22867,93.00212,13.792597,34.01026,10.238904,15.827509,-33.658596,-13.685168,8.444233,-5.148445,-13.285334,0.78197014,-3.5931392,1.3821998,0.15607062,-4.8765144,-7.8561177,2.106858,-2.025835,-12.428207,PD
0.18693489,954.8932676566053,1135.1853945080095,2042.1257467830883,0.02830389968487395,-360.14224,149.90642,-55.87312,48.64182,15.594458,-13.178408,-45.28696,3.3004003,-14.048247,-7.3436074,3.6805236,-9.325646,11.376627,-4.0855293,2.9373648,-14.535447,-9.060582,-5.45898,-11.776113,-13.159782,PD
0.21175846,1097.867014517826,1273.0621852104564,2191.2027994791665,0.03587762024176955,-334.16205,156.02364,-60.191677,53.782017,0.27134955,5.5789056,-45.738667,-22.03215,6.443461,-9.369185,12.652386,-14.192697,9.6342,7.7090206,-15.606397,14.122723,-11.436839,-27.878986,12.957108,-3.6362033,PD
0.18232614,1068.9626490759526,1550.541427070487,2008.6248779296875,0.03944614955357143,-434.92822,67.67655,-12.316713,29.246674,-0.0026365553,4.726311,-41.973125,-22.923107,4.579922,-5.1291103,-8.898002,6.033683,-9.527572,0.20677899,-15.904419,11.030575,-19.77039,-15.183949,10.331629,-3.8342307,PD
0.18696843,833.4688557070618,1327.700619784963,1609.248046875,0.015466069240196079,-389.41537,150.03543,-2.3323727,41.881264,9.870943,23.788694,-50.38054,-30.859022,5.7340083,-21.572033,12.064388,-13.394479,-9.006162,13.316798,-24.40301,0.9189421,-7.3425307,-32.146317,6.634196,-8.278094,PD
0.1557896,1027.296534895308,1610.8388570680488,2633.905100267987,0.019013160882994186,-542.18335,70.63077,8.110533,84.64907,3.6806796,-4.7958293,-12.37493,13.666391,-24.084703,-24.25997,-7.761178,-15.415797,-9.051975,-17.479301,11.784348,-19.073994,-7.0322657,5.145321,-17.564201,2.9447365,PD
0.16490594,1141.952673187717,1689.9075459829717,2581.631615468976,0.035279203599855286,-362.79324,87.987816,22.82477,59.245552,-0.65574443,-3.186616,-50.2155,16.232405,-23.48511,-36.888176,11.868905,-21.19074,-3.3603268,0.33595437,-1.6839651,2.9241712,-0.2684706,-3.6146026,4.892504,-8.146691,PD
0.1578616,1117.4305019477144,1822.0495597091833,2517.878848805147,0.02644250408496732,-367.67664,58.620487,3.19462,97.05115,44.027687,-10.960105,-33.207382,17.62345,-20.493792,-8.049447,-20.546423,-6.440353,-0.7790008,-23.495184,-17.810793,-0.47587517,-20.22883,-2.9037569,-6.0383534,-9.409351,PD
0.20041348,1551.861969042313,1313.307222201624,2971.58203125,0.11926775627072969,-381.92044,97.14822,-13.196015,53.947598,-22.168121,-45.018757,0.33728737,-9.690931,-27.741838,-34.367657,2.3204215,9.985338,-23.69119,0.83948725,4.6357393,-21.739075,3.3065953,2.9902506,-12.277792,-1.0492792,PD
0.1974696,913.8437447936399,1318.161397231898,1859.7509765625,0.027311197916666665,-435.90753,77.51604,15.819208,97.04259,11.208079,-16.301603,2.0120244,0.34447804,-26.82967,-15.364772,-0.5588762,-15.669871,-15.51798,-0.9314526,-2.0287974,-11.366393,-1.1451598,-4.841374,2.9127216,-8.404972,PD
0.1587264,777.9430939985644,1471.6729913732274,710.137799677958,0.019457768197928025,-530.127,87.22307,57.460342,79.3607,2.6367197,-5.0198917,-5.096307,9.345686,-32.170467,-10.13354,-12.91177,-18.125488,-8.449901,-17.115095,11.676059,-14.577424,-3.6593106,2.8814585,-2.0953832,-8.973472,PD
0.22396587,1288.199712403209,1646.3072745837721,3190.595382940574,0.03345241144613583,-398.86316,90.60079,12.554258,112.19252,0.116575144,-11.773086,-6.527116,3.4240117,-15.762645,-22.576588,1.6256274,-6.5402093,-20.953445,-2.395773,6.612316,-16.21501,3.3503475,-0.56512195,-5.785634,-2.636697,PD
0.26398578,1160.8343879180104,1498.7976467641208,2405.6819849620665,0.04328204028179191,-312.1908,58.02318,-0.9999217,46.608807,-7.3534923,-1.1992276,-20.650969,0.09108077,-15.117811,-28.480999,-2.6268952,-10.843294,-9.052283,-6.346765,0.08139254,-4.6240172,9.702788,26.8694,26.43236,20.919813,PD
0.19760051,603.1707355798607,994.8723133781945,884.9633024986028,0.021822751723174365,-382.099,131.90637,-11.292947,101.0507,47.023106,1.4310697,-19.635178,-4.544449,8.679385,-25.948368,-18.238127,-3.1207666,-14.10018,-17.918589,-5.538848,-6.0747924,-7.0475197,-6.263352,-2.5402837,3.872667,PD
0.16691154,1667.5895547775472,1725.3287104146482,3881.398453251008,0.03573859977038531,-458.67316,49.514854,-11.183001,118.47593,-16.011312,-14.905821,23.277357,-13.070444,-22.081678,-8.177755,-9.893722,-0.7670308,-20.476845,-1.0341383,6.6156235,-26.802818,10.799532,-8.299096,-10.854419,-1.5579991,PD
0.22103798,1118.4657381336506,1927.5282035620094,2599.306407183765,0.01899589143426295,-483.23694,77.485756,26.55723,89.39788,51.272194,7.865536,-18.83602,-5.7313046,8.174144,-4.283866,-25.15925,-7.9871373,10.609878,-13.064451,-25.159872,7.390937,-20.173018,-5.9769545,-2.0200927,-15.668778,PD
0.16970548,2128.8043486722895,2553.278713264371,4767.22402838212,0.03781480748945148,-426.6232,8.694689,24.962309,97.93674,-0.067040294,-20.995056,2.5423295,3.920685,-28.138945,-7.6780424,-23.93813,-5.7702165,-12.55772,-10.389036,-2.2864797,-9.0921955,-14.676701,-8.523565,-7.7417097,-7.867723,PD
0.2171946,961.3268046600763,1404.7636467708942,2537.7334809639083,0.023635956363179073,-419.56384,109.18906,-3.6024015,113.192245,34.58333,-14.371539,-10.888976,20.567034,-18.073698,-11.735845,-8.011005,-16.419905,11.11259,-29.858557,-8.132899,10.852472,-17.680733,-1.9943553,6.9196067,-6.380207,PD
0.24616207,1372.9943808715109,1858.6029868940664,3519.511535104397,0.03031070675470133,-350.92178,82.42401,-8.42703,79.68147,26.121685,14.773152,-53.29041,11.524207,-5.5573397,-23.557846,-8.078848,-29.300306,7.593095,-15.864422,-22.030325,7.6473627,1.2035701,-18.055859,11.069491,-6.7730684,PD
0.18551582,783.8200166828367,1424.7886720276017,1389.4370461350495,0.015336763491189427,-428.75006,95.836,25.40722,99.89878,18.134567,14.271639,-19.332344,8.619813,-0.63961333,-9.515967,-2.6938944,-15.535988,-6.730264,-11.153201,-12.615961,-17.497637,5.8093805,-6.222202,-11.368508,0.6078425,PD
0.19956385,741.3157176370574,1356.6526561082276,1100.2457427978516,0.01749267578125,-389.6021,89.79216,29.011982,68.93184,41.071045,6.0927367,-23.393444,27.811085,1.6894665,-15.831917,-3.9357705,-16.072157,-8.577241,-13.199483,-12.063585,-10.038339,1.3031247,-6.6214905,-3.5876217,-1.9798355,PD
0.22017226,1064.4823782338342,1510.9609725674727,2547.578238553779,0.027381222747093023,-425.20822,103.67331,-4.8607802,94.538635,33.371494,-12.551788,-22.0647,15.18211,-18.84937,-11.113268,-21.736105,-11.983904,3.1139464,-29.838078,-3.045115,-1.4667222,-6.665978,-9.5355625,2.8739667,-10.559849,PD
0.25253052,2250.8313289989874,1614.756717457152,3843.5139016544117,0.0747053899684874,-361.5486,83.5549,-70.60092,132.8133,-13.961263,-9.733044,0.12416736,-8.100635,-18.161495,-12.249249,-12.51626,5.5192466,5.804086,-27.212532,9.798826,-4.031922,-5.799886,-6.777929,-5.029912,-2.7558415,PD
0.14143716,1773.5309848309212,2246.5954752961507,4354.177374588816,0.045924136513157895,-462.12097,34.736412,27.35119,76.80766,-18.87578,-9.701337,-4.410316,-8.251681,-29.066475,-10.574727,-20.930862,3.3878553,-17.993664,10.459684,-10.688623,-6.5494514,4.541352,-8.036714,1.3979979,-6.982024,PD
0.2323383,1390.8365200002506,2157.172484839141,3775.133674270656,0.0211774315907155,-596.0824,67.58101,36.237286,47.78134,20.713604,25.636429,-21.82741,-19.373041,7.9257264,11.690479,-44.048927,-0.889438,4.0795574,-10.559665,-10.916384,1.8676926,-4.801087,-6.75125,-4.9905453,-2.0732365,PD
0.29372817,1214.2787652171955,1726.1142858216515,3346.5866088867188,0.02959478469122024,-350.2722,101.41839,-5.600717,85.69195,7.853286,50.923306,-35.617153,-25.805826,16.567368,4.5139017,-44.484844,-13.261089,21.101873,-36.48818,-9.147375,-2.3903892,-2.980249,-4.759328,0.8366394,-5.71848,PD
0.2124251,1408.8045148990577,2157.341024135758,3210.4161580403647,0.03034351490162037,-481.24988,55.774994,29.965282,64.92707,41.463646,-7.6052094,-18.176977,11.834656,-8.068719,-8.499428,-24.022497,1.595717,-8.731547,-14.459882,-8.564358,6.8859096,-17.923342,2.7688706,-6.746433,-4.5554066,PD
0.16597961,904.3594470250097,1752.961260878703,1475.7019461974398,0.019768127860411898,-474.5034,52.29262,48.838184,79.42813,17.904879,13.413704,3.6871,8.139077,-1.925831,-29.323948,-12.089872,0.032343082,-31.698606,-16.231115,1.7436745,-16.522654,-13.047509,5.807295,-6.786655,-12.10118,PD
0.15940838,749.4781074849487,1558.670882886036,725.4931640625,0.014972297512755101,-387.7813,63.657383,39.705963,72.15716,34.486023,20.513775,-16.038595,16.506697,10.226369,-7.437438,-5.8861246,-8.792662,-5.577203,-0.4714767,-17.493994,-6.168534,-1.0559267,-3.311941,0.9209432,-11.244141,PD
0.16786723,1162.4326146047993,1394.916273026495,2909.1214817880796,0.03315354235651214,-417.8702,82.01209,-24.11592,116.94828,34.459183,-36.633003,9.207335,16.45928,-27.807705,-10.224734,-8.937624,-15.010222,-12.000983,-25.814068,-0.5423055,-15.11248,-12.968004,-3.5630853,-8.826352,3.6203198,PD
0.185776,993.5816521975964,1275.145885701514,2444.505931712963,0.03817769954561043,-394.42206,104.706406,-31.828186,102.06136,48.856064,-21.601864,-21.01726,8.629374,-10.869504,-10.592294,-31.628832,-6.429706,1.9941882,-29.52053,-7.80618,-5.44642,-1.646824,-13.017608,6.7979794,-2.675772,PD
0.14092338,1512.207736224183,2058.7475042351425,3358.296864555481,0.02604079629010695,-422.9645,24.39143,-5.424674,65.91467,28.642485,-4.6593666,-33.071003,1.914709,-9.808759,-11.467664,-34.61061,-6.057055,-18.20849,-5.8880877,-28.386076,4.9839277,-7.419366,-18.028685,11.228874,-17.27893,PD
0.17419834,799.2819918384605,1417.8728442334334,1417.5042139340753,0.018247003424657533,-416.50153,88.91365,11.351877,74.42372,39.850937,14.265801,-33.02196,7.50298,-7.079593,-18.395128,-17.85543,-26.216288,3.6273427,-11.464315,-19.476755,-3.2592545,-0.4141015,-18.960144,1.4333924,-10.778742,PD
0.15611947,1070.779960671224,1658.9756429834806,2805.31494140625,0.019505092075892856,-543.95593,65.894936,7.5358014,99.55851,2.1071138,-5.5246406,-5.077118,16.440744,-28.864626,-16.140621,-3.932693,-23.027414,0.37347052,-19.685219,7.684871,-9.8933735,-14.885119,2.2498374,-11.414861,-3.626615,PD
0.14860421,956.4253264351886,1620.443338499224,1209.0412572487114,0.03570493717783505,-371.90872,87.327286,39.53917,68.14787,-9.783053,2.4183502,-43.960903,19.70706,-31.034683,-35.918915,14.471134,-27.32348,-8.790524,-1.8233632,0.29612505,-2.3680046,-2.4473746,-3.6908622,8.145835,-7.9750137,PD
0.15381825,984.6533126936162,1662.2489446502602,2199.324241051307,0.025564927321213942,-379.8119,72.157715,-2.5739603,93.579834,49.10811,-7.592646,-32.471237,16.952007,-17.923435,-3.690591,-24.669176,-6.750188,2.0537467,-21.262386,-20.42743,0.17410198,-19.877934,-0.71000934,-8.230071,-9.474189,PD
0.17870177,1561.8410035773445,1367.7257192125248,3080.616996214562,0.1145824943621134,-393.43494,102.185265,-27.441553,52.449715,-14.882133,-17.193367,17.070078,-13.169519,-9.803489,-25.289835,-19.173296,-0.33041856,-17.576777,-2.252421,2.9113228,-15.150192,-3.3653352,-5.915976,-14.336743,-2.1193256,PD
0.14868595,675.4192208784087,1168.8390077658319,614.604863034019,0.018418710443037976,-408.06113,91.76766,19.257284,103.30582,12.008854,-11.817195,-2.7162309,4.2993727,-20.296711,-15.473029,-1.91626,-15.884476,-20.333122,-1.3633717,-0.59031105,-13.693506,8.190844,-6.695878,0.71314853,-6.3494086,PD
0.14971417,630.1827191661575,1207.251345563223,417.2833478009259,0.01879782343106996,-540.42944,93.636635,46.216152,84.95268,3.015372,-15.199913,0.17736565,7.3684564,-32.81107,-10.681299,-15.538213,-14.849903,-8.629331,-11.411572,10.736682,-11.512303,-2.2383873,0.38034686,1.5135716,-11.489127,PD
0.17328206,1108.7926983345856,1570.7459634195247,3028.0958796121986,0.022947257781124497,-370.10526,88.32061,8.259049,129.54846,-4.990442,-12.292708,-4.9412966,6.4019127,-14.0598135,-20.176268,-2.118343,-2.0948312,-22.531834,-11.043373,11.381745,-13.974199,-2.2412632,1.7253938,1.0377835,-15.5136385,PD
0.19337283,750.3979089117515,1168.5903151381408,2109.9385664552824,0.02353147881799163,-411.15805,122.88492,-3.088669,105.16151,56.471085,6.0772305,-30.629679,20.080053,13.349333,-40.562885,-6.068674,8.477871,-16.873549,-10.10962,-7.126628,-16.263632,3.419546,-17.81089,-14.068817,12.214137,PD
0.14979273,1350.5898452997349,1627.7781654731916,3469.8552649790845,0.021599717027559057,-458.42682,54.07568,-9.279316,116.46147,-11.792787,-13.031876,20.294096,-11.6732645,-21.679014,-6.1895013,-13.258433,-3.907975,-15.3135805,-3.8332207,9.789924,-26.051409,4.1809273,-3.9205277,-13.660529,-5.0201516,PD
0.16903032,1228.3775047787594,1889.7785080169378,3302.193603515625,0.017255510602678572,-449.56116,57.531452,22.631413,82.75281,32.584866,12.657921,-25.357193,6.709334,15.633524,-20.16769,-14.6187,-1.2775267,2.8895862,-18.367086,-16.882368,2.459129,-18.733013,-3.4905498,-4.0710588,-3.5298698,PD
0.17240025,2113.257839142333,2503.6472325674854,4794.097268714981,0.04234817897165458,-453.94446,9.350151,22.669361,95.357864,-2.1030781,-23.31814,2.2948728,9.869653,-32.93433,-11.128457,-19.961842,-1.4415295,-20.528374,-5.756154,-0.53679174,-14.220869,-10.280369,-0.49595213,-11.500683,-10.677594,PD
0.18967584,947.4327268169224,1423.2932321311227,2680.3751307209645,0.023839274729330708,-425.9569,113.6668,-5.577838,123.34911,30.167336,-14.6504755,-5.8803287,19.588358,-21.664846,-1.9085559,-11.969818,-20.976336,15.871085,-34.38612,-8.41912,5.0225644,-17.176685,-0.5545853,0.083375044,-0.5974785,PD
0.19473444,1090.6615834155189,1711.6576256501335,2436.0787056587837,0.02520209942084942,-333.44336,97.63715,-1.2301011,91.61868,23.369596,20.998,-58.805107,21.114042,-6.988979,-32.584957,-6.2968354,-25.9988,4.929794,-27.11737,-17.937843,6.43636,-7.207742,-14.898293,8.258607,-12.885698,PD
0.17322372,625.8887814594581,1231.9217932846316,467.6604094328704,0.014409320344650206,-427.96793,102.90987,22.80021,99.5118,23.816809,13.704258,-16.317175,9.408402,-3.3383443,-10.409118,-2.4952862,-16.438663,-9.938004,-12.535697,-10.373314,-17.299126,0.876951,-8.290685,-13.587559,0.35507613,PD
0.20231138,854.6855200327265,1518.4825546788493,1584.3030484237336,0.017582427037444934,-452.1196,92.66589,23.781435,85.24145,28.190928,18.088482,-27.791296,23.279554,11.133018,-17.146402,-2.7312362,-11.924201,-13.990409,-6.7749,-8.925138,-17.612152,10.5429945,-8.968851,-3.236568,2.7326784,PD
0.17996009,1157.8739801150068,1468.777122555154,2649.8054055606617,0.029577944459033615,-361.7957,111.71141,-38.959625,96.4242,24.875114,-9.784249,-30.629583,16.733343,-19.450367,-11.24269,-17.407528,-22.20612,8.561142,-25.8585,-5.118352,0.893891,-10.619935,-12.265044,1.5847293,-14.514224,PD
0.2249738,2340.7969889895253,1693.5063562337411,4010.9063917590724,0.09602011403729839,-332.2912,78.23201,-68.77674,140.75601,-21.494001,4.021202,3.8313117,-5.2057734,-14.090022,-8.383822,-11.087315,6.357662,1.0780358,-27.56224,18.283913,-11.092378,-4.3238487,-3.471571,-4.1433425,0.6726929,PD
0.13713996,1602.423209965432,2083.0834936169076,4017.3940594276687,0.04418579558754682,-469.99783,32.075233,25.632929,80.04573,-25.645958,-9.241714,-4.797253,-9.992024,-29.287403,-8.832386,-17.298784,-6.713025,-15.328376,11.018678,-13.54141,-6.2058997,5.398579,-10.540761,1.7649558,-10.81211,PD
0.24672966,1553.182294853474,2419.072077912147,4243.737697972398,0.025442872993677042,-652.22516,70.03641,45.052376,34.03132,34.633945,30.512209,-24.719753,-11.839533,5.6849675,17.59265,-35.08717,-0.034560148,-4.3980975,-5.7623672,-12.590723,-5.723293,-1.2145338,-1.421926,-9.298807,4.5405703,PD
0.2290448,1454.8324304198295,2120.766171200538,4684.698254549051,0.025672880406118145,-365.77805,84.25989,21.60312,96.19685,-3.8654342,56.776165,-43.68295,0.45442683,16.039434,-15.101912,-24.244202,-9.05668,10.59584,-33.817722,-3.7577176,-2.2940035,-10.288461,-8.796888,2.3637354,-14.746143,PD
0.15543795,1097.498441829863,1894.9606497170587,2264.754638671875,0.020760672433035716,-430.79282,61.989796,29.396523,62.243248,40.81542,-8.0920515,-29.042265,7.278826,-5.211164,-11.998214,-21.107153,-4.959258,-8.06708,-10.9497385,-13.763748,6.3839087,-19.544802,2.0021987,-11.242023,-1.1001238,PD
0.1425821,760.4003062812644,1548.0013822005026,857.2906494140625,0.012772042410714286,-465.73718,45.63621,44.57449,74.66006,16.744991,10.472234,-1.0886922,9.543007,1.8577002,-29.56833,-14.714122,4.5991235,-26.340261,-15.763864,3.883747,-14.622421,-14.196385,3.4595795,-3.816626,-12.873556,PD
0.15279579,650.4096808903847,1398.1762023918327,517.027587890625,0.013541085379464286,-426.3527,56.797543,41.308666,74.02703,28.15849,20.294447,-5.826227,11.329991,-1.9829564,0.3062838,-3.360028,-14.996575,-1.477697,3.7493107,-18.385216,-9.732224,0.8082991,-2.8682415,-4.1924734,-9.150878,PD
0.1641122,1042.407956502437,1385.2868597800623,2812.519892939815,0.03260432741769547,-450.31406,86.92683,-18.100624,129.33441,31.428555,-24.478848,20.12792,19.771162,-25.914259,-8.522281,-7.0994496,-13.231438,-12.515168,-25.012787,5.863914,-18.617023,-15.5261345,-4.123787,-14.91721,4.512436,PD
0.18822388,923.6810048985391,1204.3820301395813,2269.095065703452,0.02991182335251046,-362.66666,120.465805,-38.352295,96.714264,52.342598,-17.72325,-25.115438,6.6747074,-9.884359,-8.197873,-34.426815,-8.401994,6.733623,-29.542757,-7.7291155,-5.308783,-1.0888408,-9.820686,4.29174,-1.3302807,PD
0.13373585,1310.1064548084162,1887.9476984628836,2878.691458194814,0.019695741910460994,-441.92953,24.797447,8.685486,61.54438,21.10263,-12.971348,-29.148722,11.353404,-13.609452,-18.586647,-25.921984,-1.1231054,-16.98918,-5.438108,-23.569927,7.2610974,-5.855113,-17.046772,4.7699165,-18.053034,PD
0.15216124,907.5620186672593,1464.3352826495284,2213.3770520174053,0.0220282832278481,-366.29932,83.10023,-7.599104,92.85884,36.795116,7.0391955,-33.87044,9.836673,-16.139635,-20.940928,-15.416617,-26.175829,6.028486,-16.710964,-22.562143,-0.21876436,-5.596105,-23.257948,9.3948765,-14.585303,PD
0.21188183,847.5740653780618,1123.0255823207958,1178.7533182493398,0.03612765459947183,-483.75418,127.862854,8.155724,17.630653,-43.929195,-23.440607,12.772456,6.4797926,-27.73279,-9.167988,-6.780907,-16.54348,5.0196257,2.0280058,2.9796267,-13.199851,-4.187982,-3.5199172,-9.405045,0.19572933,PD
0.2690129,814.5367893834202,943.9052350734521,1294.5684814453125,0.04373430524553571,-338.09528,168.37854,10.981952,-15.246485,-29.9674,2.367617,-11.880776,-15.060027,-16.505444,-23.36153,20.994642,7.252554,-11.962671,4.741272,-12.792514,-10.0945,-5.767675,-7.1369133,-3.702877,-19.623644,PD
0.24555635,774.610691717307,970.8482571968518,956.5119074458909,0.048453183814303635,-307.28577,180.53998,-9.1729765,10.36818,-24.23963,-51.09079,-10.092026,20.434027,-9.15328,0.64000046,5.7255883,-11.282617,13.77517,0.84203136,-6.2793145,10.438988,-16.878088,-24.052124,-8.101346,-2.096054,PD
0.17093787,1147.456991221861,684.9724983186245,1346.1926561166808,0.09652887025383959,-322.795,110.30181,-24.008156,-47.818085,-48.875607,3.67167,39.567757,4.319452,-8.825653,-11.545268,-20.565655,-6.72419,-1.5988798,-8.738144,-12.563198,-15.252093,-7.780861,-4.5435576,-10.498285,-7.2775235,PD
0.26625165,641.6391460690918,667.7556397427796,1114.7112341772151,0.04188464200949367,-401.25345,143.35045,44.76574,8.981077,-29.140413,-30.18494,7.076454,4.575636,-8.053364,5.953454,-0.19953571,-15.597669,0.668623,7.3486805,-7.708184,-3.756667,-2.5713234,-14.605006,-7.7670155,-0.35472104,PD
0.24556462,703.9475865297292,814.9806085285794,989.5304361979166,0.036865234375,-455.54565,179.16403,22.483656,-6.626668,-59.23445,-15.356548,8.455266,8.470362,-9.769376,2.9520788,-4.279661,-23.934189,14.118174,-5.5022635,-14.288291,-3.6797137,-16.906258,-6.0969467,-3.1983511,-4.3669643,PD
0.32517645,817.2270073827037,1090.2671150544368,1300.8378755678689,0.03788804377753304,-415.48938,181.47632,36.69701,12.939025,-46.922783,-12.583694,-13.744971,11.696502,6.158911,-21.471891,9.572031,-13.777913,4.937628,1.5926006,-8.18501,18.467646,-24.385906,-10.036027,1.7007222,-23.57455,PD
0.46980688,1140.5052067284278,1413.2842834993303,2171.3148423841785,0.048986901770104896,-443.62497,95.29752,9.674458,12.728691,-28.523865,-0.95616204,6.058038,0.7669029,-0.70434314,4.898996,0.17636216,-7.3253326,10.117232,4.750619,-0.25074342,-0.81056905,-5.3563986,-0.58430177,5.4955673,4.4725943,PD
0.23892218,567.1043919293817,824.0456543084374,747.9833835508765,0.03451612519054878,-392.55145,203.09132,18.826054,55.299316,-26.48273,-36.862774,-6.077589,21.962025,-8.991937,-12.269667,-1.0080885,-12.204691,14.152631,-6.0839243,8.872888,10.659551,-18.94113,-8.672497,-5.767765,-6.9463687,PD
0.21766225,893.0116076357937,976.3996456205408,1172.0831026097842,0.06013382968990755,-380.5281,147.36427,-20.20024,22.837782,-55.82124,-20.844093,21.597433,-8.920945,-6.57316,-18.089567,-16.309797,16.641846,-8.131177,6.4479594,7.44957,-27.032701,-4.6230445,-3.86866,-5.115612,-14.029903,PD
0.3440132,775.9957787927148,1155.968248619241,953.6788278953894,0.043261862256612785,-453.18875,179.34312,29.155313,1.2819476,-22.652412,-23.114113,-26.334227,4.9042625,0.9126637,14.259645,-7.905112,-1.6854471,-7.0421104,1.712997,7.201003,-1.5580838,3.619417,-10.428463,-14.054112,-1.9795768,PD
0.23060957,966.8253796088718,1237.3590550639542,1121.567270885566,0.04774056829035339,-343.79965,124.70335,-1.659063,21.783228,-59.89678,-42.1272,12.942965,-9.633936,-11.189723,-3.0346909,-5.3889194,-15.739544,3.746486,16.030598,-15.84519,-0.1271952,-16.84544,-10.264343,-9.585319,-16.129253,PD
0.20400234,682.5590281276386,872.3213262409463,1033.0035204247401,0.037296749468336485,-371.83258,196.26155,7.5151553,34.403946,-33.680923,-30.026445,10.689275,16.665129,-26.632856,-6.7212005,6.1193113,-19.542976,18.05663,5.3214645,-1.9644487,3.767063,-18.476355,-5.8463807,-5.026061,-12.241312,PD
0.19025041,534.1234613348443,681.631166163091,778.9168117357337,0.04007780655570652,-420.6266,187.15988,54.353783,5.3004293,-35.189056,-22.789988,-19.906687,3.7178748,10.158073,-16.349934,-14.034318,-5.169058,-3.7057717,-1.1215619,-2.4455373,5.215622,4.554245,-24.688519,-13.988626,-5.255378,PD
0.19998947,714.2878300475503,1214.611135537218,961.0449675087617,0.017466778621495326,-469.93317,143.02936,35.315044,28.546694,-31.397007,2.507979,-5.0373693,-3.0224628,7.531231,8.961858,3.8103142,-13.836713,-1.1690685,-4.4502764,-17.334948,0.23045233,0.29876333,-20.217089,-11.631702,-14.303757,PD
0.203596,768.6157834343286,1299.4394279790492,1137.0746289674764,0.019503698079937303,-315.4471,154.47101,23.566751,13.43076,-14.767912,10.395955,-13.739885,33.88527,-26.372648,-31.881134,16.620872,-1.9163347,-0.39115623,-7.4171414,3.1241038,-14.166401,-10.401487,2.8706431,-2.186029,-10.925412,PD
0.28132376,786.0706111814645,958.687860328939,970.3692228897759,0.048784338909646736,-379.55743,169.42654,21.196112,28.268486,-62.414295,-44.89988,-0.26246396,13.884965,-18.664417,16.98441,10.226176,-27.636799,10.248034,-1.4238079,-7.609256,-1.8899032,-7.299051,-14.532638,-11.4641485,-16.213795,PD
0.2717762,1179.081077971075,1232.2575334040578,2498.5056910021553,0.04403751667692939,-316.4749,157.43251,-63.13703,44.15121,-63.829765,-17.446325,14.167828,13.469802,-5.784139,0.7755225,-5.5724506,-0.58217865,9.251746,-16.644747,1.9462869,-29.539557,-19.837282,-2.282056,-8.335144,-0.44586888,PD
0.1820742,934.9219530805873,993.409923076855,1151.7452867834847,0.056277046679909196,-377.34442,119.398224,-22.616385,-14.2958765,-53.340904,-23.570051,16.023762,-7.174494,-14.260873,-2.834763,-7.9172244,11.3173065,1.5137868,-7.193843,-9.390085,-23.047844,-9.971985,-5.1989093,-2.7491264,-5.0605845,PD
0.27781382,976.7176971920086,1567.0816949222342,1341.5642081216872,0.02082183083038869,-668.9704,131.75859,45.154205,21.355434,-43.92175,-14.360713,10.721526,1.7742238,11.422776,12.645461,-7.9701624,-4.3892784,-3.3350053,1.6982191,-5.4713407,8.983806,-1.9687428,-15.631141,-5.7915273,-3.1384678,PD
0.2613315,659.2794542019834,1045.3984954791408,924.8872644761029,0.018426120448179272,-454.49838,171.87978,65.24439,17.246017,-56.53024,-10.215349,-0.649558,3.5628119,5.1195292,-1.658721,-9.187203,-18.796005,11.560793,4.134134,-7.471541,15.313843,2.5383396,-24.23662,-5.789468,-6.7925134,PD
0.27860683,1013.4049422309603,1642.9580000618432,1458.774077002682,0.03453132287779851,-522.84235,123.72368,52.120377,18.038698,-35.932514,-30.933477,12.44429,8.114085,-12.424293,5.279403,2.9947295,-14.720115,-1.459596,9.659246,-3.4279234,-0.4804034,-2.3144457,-6.928065,-17.421848,-7.2668595,PD
0.26473066,677.3365747785205,1207.2065370192147,762.4008008538568,0.026991606644981413,-411.0063,141.9979,64.226105,22.575111,-53.19596,-21.458906,-4.9443245,2.2371874,-14.578623,-2.7124834,-4.3996487,-21.816431,-8.233515,10.480166,-3.5774431,-7.8268213,3.9948487,-15.041589,-15.202801,-5.9061913,PD
0.1973813,744.3707389417241,1356.2351217345242,925.3211652728874,0.0186824069416499,-380.84424,125.34609,55.139973,21.107174,-39.309044,-4.353147,-6.6198936,4.766129,8.124079,-24.395958,-12.378923,-0.41502556,-10.967433,-0.8720957,7.5295405,-4.893471,-18.269255,-7.281986,-12.159417,-4.165818,PD
0.22770105,708.9159774872743,832.7027471242402,957.4554321775398,0.04520589516932271,-393.69055,168.40956,14.900734,19.742268,-41.622112,-42.029175,1.9469882,9.867844,-10.368334,3.271491,1.0467126,-21.63092,-6.329526,4.933544,-2.537034,2.451135,-7.0562778,-23.913422,-3.2018375,-19.670702,PD
0.20947184,662.8513340990463,852.9948985288626,928.270546875,0.0378,-385.8614,183.95679,9.624732,39.934086,-17.235277,-42.31403,-4.2094574,17.927816,-4.193226,-9.37928,11.231666,-12.581517,-2.092616,18.48769,-1.9401449,16.544243,8.86837,-20.442312,7.6042533,-2.996502,PD
0.1757059,990.5413855318349,1453.8482081294258,1568.9973814297566,0.03726616822060683,-401.37958,101.72375,12.764802,27.846731,-47.20184,-34.95276,0.48368856,1.1057332,-16.512028,-17.597809,-14.348298,-8.364993,-5.5438023,12.837743,-20.683125,16.3792,-20.061626,-24.241604,2.943726,-5.1999116,PD
0.23992729,636.5300934400101,882.1429739730207,1046.6410629621898,0.02490234375,-423.48233,182.55957,24.07817,7.301033,-36.38481,-10.127563,-5.7140427,5.49652,2.2541301,-23.256716,4.474536,-7.8200145,-3.9509404,10.459512,-10.60216,-3.2306607,-12.955138,-24.183893,-4.2897296,-4.2600064,PD
0.2566395,770.7914684089809,1019.7169113880849,978.0725990853658,0.03515795132839721,-473.03778,148.24696,6.205539,20.533451,-53.480137,-22.249302,13.841234,2.6168065,-27.315958,-3.8480182,-9.321056,-16.968359,0.41160646,1.5554588,7.2174945,-21.222301,-0.7844748,-10.60749,-16.912638,3.8435721,PD
0.19794747,741.2300387961018,866.2598535355781,988.4904191300676,0.05354126447876448,-336.48053,155.79858,-1.0803298,-14.399988,-34.983635,-2.5861058,-13.726073,-6.0575542,-20.190578,-14.67366,13.841531,9.175519,2.0643291,-3.5635188,-6.870934,-12.412058,-8.529287,-3.5877483,-6.8737097,-18.531713,PD
0.26415923,751.255079247894,1010.5361886288048,941.7492935505319,0.048950714760638295,-325.24698,181.0628,2.8544085,5.593188,-23.230494,-53.782116,-13.371614,15.514035,-0.4909514,4.958238,1.7876835,-6.712331,7.3510485,-3.1840053,1.3024557,5.866815,-14.592889,-16.093029,-17.44295,0.0999445,PD
0.19987838,1103.370607544751,745.5326627443267,1484.4722545561015,0.08436553787705667,-288.75183,128.59923,-28.028164,-53.268723,-81.86318,-20.038952,29.68836,-18.724289,-21.53907,-1.5880731,3.962193,10.865976,-4.313947,-11.616622,-14.862664,-19.206589,1.5413927,8.61088,-4.865953,-0.6963909,PD
0.22766425,524.3686375309579,514.88381741344,769.073978547127,0.03312240108366935,-399.67282,184.66734,53.219173,9.350913,-35.21364,-42.673946,2.213286,8.750149,-11.6483965,5.274258,0.9981783,-18.135904,-4.040593,8.442125,-5.9800396,-7.184596,1.4489987,-10.386556,-7.584199,-1.9117762,PD
0.21443094,667.2304352889817,746.9258107614901,951.6701027199074,0.034661940586419755,-448.8327,206.6205,26.234344,-9.845148,-67.51718,-13.154741,5.7904763,11.110292,-8.25931,-2.1743755,-4.738515,-24.163403,17.048101,-3.5883124,-17.460419,-0.2041626,-14.968451,-5.135098,4.1513176,-11.509768,PD
0.24207649,657.6506161675112,925.3945007812956,916.2776692708334,0.028616898148148148,-395.91302,187.10573,23.161625,18.646988,-55.979317,-12.905681,-8.206715,5.4198875,1.8621528,-15.469965,4.089036,-10.889593,2.6700976,-2.8917668,0.7729447,5.195839,-23.247366,-9.109402,-6.074791,-18.826479,PD
0.22852525,479.196645356779,623.772237127513,685.188154740767,0.040214769767992424,-396.06134,213.06706,46.94061,53.0245,-27.116615,-43.297565,-14.888132,10.831923,-1.6342582,-1.0154276,-0.5989775,-13.763637,9.417706,-11.767438,3.0243924,16.196442,-17.55548,-0.42211384,3.5408025,-10.911456,PD
0.27113736,865.802154115611,932.8046489412075,1079.5844184027778,0.057341901363168725,-362.4791,161.99567,-24.764729,24.59582,-62.944817,-23.773092,25.075174,-14.254268,-12.570871,-14.550981,-19.946331,16.091114,-6.9056897,4.381614,10.130558,-26.198315,-5.093948,-5.551736,-5.352323,-13.90156,PD
0.30540138,707.4716183584479,1011.4213888152362,803.7785323064946,0.03295811554715303,-472.9225,162.22272,16.652159,17.531105,-29.131565,-24.20467,-19.27006,7.220813,3.3588884,12.15323,-7.4095583,2.6995668,-3.3422623,-2.8304136,15.659943,-4.0714045,3.2373824,1.9307674,-20.246931,2.366769,PD
0.2140792,839.0186371596056,960.0203016575624,1005.906684777579,0.04762212333415597,-349.67142,153.81609,-6.774962,22.343666,-69.86565,-44.878193,8.816797,-10.398228,-9.161848,-1.1056544,-12.712805,-15.04677,-0.0127879195,9.130162,-6.028734,-3.9972959,-12.814359,-10.443768,-11.95567,-23.10169,PD
0.17899613,647.998593045917,884.8833243403444,963.0597933070866,0.03298205278051181,-359.84094,193.3703,5.0820065,41.47271,-33.328617,-26.39106,9.597,16.502504,-27.465252,-7.6604447,3.0784323,-19.450037,14.94028,2.9661644,2.356875,4.0091076,-16.500723,-5.3816385,-5.0534616,-11.637244,PD
0.21502157,560.380763522045,666.8294470433198,845.8641258445946,0.042482354005791506,-377.84073,204.54193,26.715334,20.01702,-20.34211,-35.610703,-19.489697,6.76139,1.5241231,-5.200632,-7.746508,-10.686443,6.155948,-1.3071026,-8.92103,4.4731493,3.7416775,-19.211477,-17.867344,-4.6973276,PD
0.18827954,717.7351499928781,1276.2918897614486,830.5542953371063,0.016207477239173228,-429.8466,147.56328,44.9683,39.681187,-46.089157,-9.531305,-2.5694053,1.4212704,-5.441666,15.05009,-4.4378495,-21.451418,-5.3243456,-2.0091548,-14.545825,-15.735733,16.842012,-28.667137,-16.576565,-5.4092865,PD
0.17016794,764.7671952703308,1341.3609931502176,1037.4455945245152,0.02293238146551724,-291.74374,154.6839,19.567225,11.786604,-20.812569,9.928094,-19.818056,32.959274,-27.433077,-33.15771,17.96719,-5.244424,-3.1743455,-11.629801,-3.0591414,-15.025557,-11.071028,-1.612678,0.70070857,-13.778125,PD
0.25810477,742.1785392268465,876.5017865141137,929.3836805555555,0.0472386992026749,-343.79065,184.60765,14.747757,23.201843,-60.38523,-42.533524,1.7897643,11.384157,-23.54135,18.211468,7.3074594,-28.69369,11.613076,-5.3850408,-4.961864,-1.9240769,-8.952659,-15.957716,-15.113224,-17.08938,PD
0.2738723,1432.06876244654,1454.7260402062846,3365.283587598425,0.045321727362204724,-285.78342,137.59795,-67.455574,52.07726,-75.52185,-4.6718874,12.748918,11.649837,-7.5650296,3.4100335,-7.672571,1.1688615,8.555477,-21.356085,0.7726135,-42.516052,-11.034752,2.9925911,-13.553376,1.8088078,PD
0.15963267,875.3264344956519,952.9823332014021,1086.842755780598,0.05602059609700973,-377.63574,139.91582,-15.075672,-8.058307,-46.83094,-17.648506,20.39615,-4.7352486,-7.6001186,-0.25448498,-7.697432,13.381823,6.5393023,-0.9917578,-7.6602936,-17.709105,-9.198741,1.7236704,0.7837396,-6.128522,PD
0.29816183,920.051321027679,1483.553357777888,1238.6540234919046,0.02242013405292479,-633.29724,137.3226,54.671482,26.944202,-52.241413,-21.34267,6.067378,-4.072781,13.558134,14.896545,0.84123856,-4.2613597,-5.905267,-1.1518803,-9.940701,10.264398,-4.410127,-14.923907,-3.3000026,-7.4001703,PD
0.28573844,589.561604045971,817.5406396866754,855.8124479700307,0.020343717981557378,-411.83456,191.82108,60.61143,21.688734,-63.890064,-21.373976,1.0096198,-3.8016937,9.861998,6.7373943,-9.858012,-16.353771,13.904167,-0.64337957,-10.371284,17.40621,0.9652344,-16.854193,-4.492847,-7.286694,PD
0.20213194,698.9262752565561,1271.1352514986252,787.1923828125,0.02825404575892857,-526.4327,137.29591,51.798096,17.535269,-34.480976,-34.89089,10.067234,2.0286515,-12.457748,12.015468,4.2572246,-18.948284,-7.090596,12.106398,-10.988117,2.7140112,-3.929406,-11.076388,-19.469955,-9.839288,PD
0.21279074,585.0776232816727,1034.8047302974253,675.3073044094751,0.02482067393238434,-414.27502,133.56273,64.12747,15.567941,-47.475304,-25.97913,-7.980227,4.1166835,-11.395982,-4.180555,-5.517082,-10.053565,-15.008284,7.406064,0.07841239,-14.944522,6.7554293,-12.630133,-19.107903,-3.9613588,PD
0.16386712,632.4635026123588,1194.7337183948891,765.0374233933304,0.01423607276943463,-395.93655,120.84661,42.746403,23.83033,-41.72188,-5.8758883,-5.1604,7.349214,11.6995125,-21.127764,-9.001622,-1.2332809,-14.09733,0.9085651,4.681042,-4.883128,-15.281572,-3.0757508,-12.300357,-6.4661183,PD
0.19357915,687.8401451293056,798.1247276632564,897.8390601373488,0.035496865549395164,-404.22455,183.18608,11.511721,31.939917,-48.188614,-51.5549,3.3591182,0.688551,-11.67411,10.9808035,6.9503727,-24.151543,-6.1202555,4.361445,-7.2467413,2.0928638,-5.698829,-17.354004,-6.642552,-17.464516,PD
0.23611306,621.316858048065,808.3397640348813,844.8391170952264,0.036936361958661415,-377.82867,191.13329,15.805349,41.787605,-20.073185,-42.347694,-7.365365,12.776732,-2.9301805,-9.403597,9.374788,-9.390619,-2.445824,14.860309,-7.188168,18.24351,16.070562,-20.982214,10.686425,-2.3562872,PD
0.15907252,717.1947799092103,1098.7461741081784,909.854736328125,0.030330984933035713,-481.3072,110.80877,10.91859,17.062138,-24.203745,-20.599445,-8.963179,-5.8703365,-6.735479,-18.890434,-15.590883,-3.7020683,13.429623,6.0662103,-21.486542,3.5625103,-13.281984,-30.219553,2.2120419,7.723014,PD
0.2019708,511.7708285946648,721.3041474487562,807.273582175926,0.016268004115226338,-353.63718,189.9844,31.654455,15.535171,-34.106503,-28.62877,1.080352,10.326755,-3.5530283,-15.460783,-6.862595,-9.278111,-8.930013,2.985655,-0.6167462,-7.1078334,-11.008506,-26.839903,-9.062626,-4.285097,PD
0.14914982,514.3549864458003,870.4259161665698,586.3374364098837,0.034412851259689924,-572.89777,129.93538,54.537292,22.951859,-20.039469,-4.7809854,2.716915,2.87764,-8.192957,-5.5014915,-17.821615,-18.142456,-23.633034,-21.38287,6.340971,-18.75151,6.435432,10.653492,-11.5821495,5.5898166,PD
0.16128844,628.1954544196055,878.9885997977307,907.3765851449275,0.03738457377214171,-417.61362,138.50125,43.16732,-7.9106894,-26.367533,11.237558,0.12180111,-1.8892231,-13.239905,-32.042202,-3.6987832,-4.978215,-1.5025992,15.948742,-5.193839,-1.0885502,1.7685035,-8.166509,4.0390053,-8.999409,PD
0.17883505,471.2841407148583,897.7747913389902,586.7209155243772,0.026346422197752125,-440.10403,151.98813,57.62423,47.410027,16.102293,-24.667732,-23.240797,4.188116,-17.539328,-5.845722,9.778704,-17.45977,-1.8689684,-5.623805,-31.78584,-13.419908,3.81014,-13.046661,-5.78176,13.2821665,PD
0.2025666,1161.9348349520276,1618.9936780832902,1736.5191291360295,0.050150420411220045,-177.69652,88.10726,-4.1678667,10.501275,-15.508476,-14.536661,-21.069815,-16.419031,-6.6742425,-7.344428,-16.455404,-17.22738,-19.071787,-9.060075,-4.0242844,6.9597545,2.606336,6.2959123,-10.817602,-9.280516,PD
0.16921395,453.4393195774246,444.694768913953,722.0456053012435,0.030445131593053173,-481.1381,136.92479,82.632706,36.525818,-5.553103,-22.103754,-17.331982,-17.77606,-15.444433,-2.400199,-0.76717204,-1.1300105,2.412614,-4.0575266,-11.79814,-9.928106,-5.5111804,-5.358115,-1.6169919,-0.017690772,PD
0.17053843,454.89290781695684,784.9561225056518,554.4083622765382,0.02090893933619734,-578.03656,142.52655,82.243904,36.39407,1.3721217,2.0339417,0.7122888,4.638555,-0.5886441,2.9027545,2.7728357,-5.2976785,-6.7459064,-0.14946534,-1.8049996,-4.014091,8.122288,-1.6585933,0.15673323,-3.339713,PD
0.20093763,510.53284146289417,730.8031054628627,820.7235036802685,0.02222284994834711,-485.26523,163.08095,73.12391,29.155325,-11.76046,-11.097515,-9.843338,-7.1323166,-9.187412,0.823792,3.0371928,-3.456888,-8.380988,-10.675753,-10.000546,-12.85633,-2.2660167,0.61099267,0.6482434,-2.2240834,PD
0.28871202,599.5599418999963,797.0079188660623,1015.7477391909247,0.028564453125,-409.9315,104.93992,43.540485,9.103849,-11.444995,-5.8548293,-1.1178528,-0.77527004,1.6367711,1.4063765,-0.90151536,-6.00127,-10.104468,-7.014829,-9.645098,-6.0569777,6.556327,8.079938,20.010284,27.841864,PD
0.30540752,343.6477597173319,485.39416145578235,470.37267550616195,0.02057167222082495,-481.63577,196.59436,65.252,48.90104,13.171771,-21.158817,-8.638546,8.467935,-4.1794057,-7.8259172,5.334817,-4.6075034,-7.672206,-10.145528,-19.692621,-4.2016897,-1.6863313,-11.240409,-0.83445364,6.8344927,PD
0.17356531,574.5364578570752,787.2070041022996,752.2672460146761,0.026992530153508772,-427.62222,156.51698,37.519306,50.228123,-33.19086,-26.4144,15.092305,-13.927969,-6.3938828,-5.7303934,-21.370596,-8.518759,-20.32461,-8.498951,8.65246,-9.934169,6.2223783,5.888921,-7.1414423,-5.903885,PD
0.29614517,448.4698194446664,949.4863087928137,549.0450413107014,0.01975216701638689,-642.4989,159.96309,86.60107,71.85459,17.400309,-8.829951,-7.5988092,-7.8297534,-14.027937,-6.1648436,-5.8128834,0.6674392,-1.8789295,-6.6696424,-3.3668058,-2.8054564,-7.825456,-6.506604,-6.3391576,-4.9023147,PD
0.16299768,734.2312857464393,1052.236809494543,896.6989097112341,0.04176720727848101,-453.56433,121.82719,28.953,21.768332,-20.783945,-16.341305,1.4695145,-22.278353,-11.07143,8.257887,-8.4429865,-4.0309925,-5.1079626,-11.522321,-10.196946,-10.817612,-2.1650293,5.6077275,0.55913115,2.0853515,PD
0.30481002,529.1794245531516,830.2346966740706,729.7952586206897,0.02285300569581281,-453.01096,169.35095,58.699516,60.38105,-21.443316,-29.37263,12.069206,21.081295,-15.8517475,-5.143711,9.634518,-26.986372,-14.563794,0.24107924,-9.869718,-0.14820738,5.661016,4.612871,-0.31708774,-3.2858872,PD
0.27835962,472.88426998603217,700.9410928465406,679.6982709099265,0.030229840959821428,-444.6823,171.6914,67.312515,26.5617,-19.83897,-20.646849,-26.557573,1.9002652,5.261319,-10.376107,-6.1714473,-14.907024,-6.877844,-12.528804,-15.17868,6.606505,7.6329904,-5.796092,-2.230239,0.14427723,PD
0.19115753,476.3373694619906,794.0281773300306,643.3333858366935,0.017268355174731184,-494.5809,158.91777,48.941853,43.625607,-13.19034,-6.9202495,10.970102,4.9572287,2.6586194,-10.884086,-8.241364,-14.686343,-14.024842,-5.309345,-6.03897,3.506887,-5.5600615,-10.706213,-1.5534959,-9.424826,PD
0.18896553,403.8433570656067,779.5871576077615,451.5045084199062,0.016661779490616622,-393.92807,165.22466,70.72105,25.87678,4.0497136,11.957091,2.6451237,32.648552,14.998173,-13.147191,-3.8538837,-9.602411,-8.506649,-7.0002017,-1.3512304,4.407061,-1.8749498,-8.453733,-0.38917363,0.30143774,PD
0.24925971,491.81538984730713,674.027270899365,723.0329842403017,0.02918743265086207,-483.10147,162.21114,61.13961,49.118767,-6.663942,-40.954998,-7.9100165,-3.7570078,-30.23896,-7.227564,2.9151223,-10.069038,-8.209081,-6.230396,-6.753369,-13.452559,-6.9401417,-3.3152847,-4.8576255,-2.3994105,PD
0.16870768,623.152176111328,865.9631012103224,820.8302217371323,0.029440487132352942,-407.09113,151.79623,5.0771403,61.85833,-26.829826,-31.872625,5.651834,-4.6991467,0.8688191,-3.0407028,-11.409517,-12.135243,-7.600791,-21.024185,-12.437141,1.7282315,-7.608164,3.2746239,1.1800128,-3.2637615,PD
0.11913295,588.6892786426997,967.6301451930632,642.6008169087137,0.03645394352956432,-460.24274,110.68562,35.271355,11.258339,-21.425465,-22.947186,-8.550259,-19.476263,-14.878913,-1.3184239,-7.0261016,-13.503724,-6.233501,-10.160212,-4.9522934,4.4057407,3.1250558,-2.1811767,0.13670528,-6.6824226,PD
0.24362966,662.7058132016781,1229.3546674405127,985.3575768201983,0.018083735647181628,-696.5835,136.99455,65.67345,33.931023,-6.984183,-10.036391,-6.9871006,4.6797543,3.8152707,-0.8408426,-2.1993437,6.1446276,-9.7356205,-9.243103,-2.0134737,-4.414071,-10.246216,0.2645328,-3.758181,-0.7215715,PD
0.2858405,436.7521767514885,770.4639713117274,687.1726178108378,0.012332564550088652,-491.7614,163.77606,71.52984,36.726284,-17.786942,-4.2123375,3.3499181,-5.6061053,0.98546106,-0.66946274,1.0387199,3.1307812,-4.4916034,-12.091613,-4.280783,-3.836311,-9.313369,0.9981363,3.103611,-9.904695,PD
0.26727334,785.1953076418258,1367.8103368069574,1140.9792729991232,0.03390961610721443,-533.0558,122.10297,69.543144,37.042076,-0.02008069,-27.428486,-8.069749,-3.0156589,-18.43193,-2.06144,2.3263648,-3.15236,-11.080481,-6.4267774,-6.5375566,-9.462482,-7.3841968,7.3678427,-8.387601,-1.983868,PD
0.15343654,468.38211889884775,923.1908184675859,539.387643353513,0.02692274897680764,-465.5266,122.16393,85.29388,50.589348,-2.745754,-21.409523,-16.20138,-15.003967,-20.01071,-5.1484613,-1.2896883,-9.571937,-11.124908,1.039859,-17.177963,-14.945024,-3.0935502,-8.74455,-10.273792,5.419074,PD
0.1661902,419.870367365379,940.7638347292484,398.6494658009106,0.014100872654525386,-469.44122,125.15877,70.70428,28.877304,-2.6854968,14.818712,-6.1505194,11.641597,20.53663,-9.547258,-8.744606,-19.702963,-9.382499,-0.961477,-14.153172,2.69506,4.5319676,-5.792378,-6.5251765,-8.112313,PD
0.18820444,506.1503216416287,605.5272775489352,857.2876784975166,0.03176415045529801,-487.85727,161.4804,56.20369,41.4917,1.1192768,-27.395,6.394275,8.766791,-19.170969,-4.0203953,12.392139,-6.831554,-11.940861,-3.5499475,-12.718454,-16.554949,-6.517498,-4.757501,-6.4758997,-3.7060678,PD
0.18111286,458.4976114463845,657.1877788401977,656.8401528776978,0.026895866119604317,-411.37567,173.65735,37.51273,50.74904,6.267273,-45.663692,-5.363988,24.539728,-12.204214,-10.508118,-1.9403441,-17.987581,-15.203515,-22.611052,-16.695885,3.3544698,-2.9134126,-4.4603047,7.348796,-2.9408338,PD
0.16749735,660.4985392962452,1208.6441009934351,866.6742995689655,0.020740840517241378,-537.11993,105.586205,49.186863,43.581146,-9.587379,-31.318699,-9.411887,12.890076,-13.769377,-3.1748013,-5.8006797,-16.477795,-18.995129,-21.151031,-14.984487,-1.8555692,-3.8351219,-7.139282,4.0305157,-10.135037,PD
0.16824315,401.98549296988637,696.3429348707754,486.3352705792683,0.01747193375254065,-448.08124,136.23196,68.37736,40.62434,1.1771917,-19.011047,-8.517848,10.167524,-5.5865245,-4.442846,-1.5051965,-14.588069,-13.525316,-16.692257,-9.6225815,-9.839244,-5.160456,-1.9472848,-4.631435,1.7649268,PD
0.14562182,525.9153540955245,932.5813564415344,485.90301828286084,0.018685567010309278,-562.7262,126.74737,46.46419,33.42612,-24.531258,0.611994,7.6131263,-8.682277,-8.668628,-4.677854,-15.795806,-9.395699,-24.269022,-20.824392,8.259702,-22.347298,9.727084,8.234106,-17.614258,6.1752586,PD
0.14570376,633.2119778281365,820.6076961353652,991.1919487847222,0.038803288966049385,-382.8933,156.86118,36.596214,-12.275425,-24.023829,18.201925,0.60527915,-0.8429318,-11.727234,-31.159119,-5.456554,-6.6410236,1.6236893,18.142656,-4.396368,0.3319397,3.406754,-9.522477,3.153293,-8.586909,PD
0.19755682,503.7898226444286,923.0004960337315,699.3919425663428,0.026060170751160093,-438.09302,150.25327,62.01984,43.71439,12.78756,-23.447817,-28.649105,3.2000933,-20.57621,-7.744773,6.101664,-12.286876,-3.9832444,-4.830492,-27.971106,-13.340535,3.9008687,-14.064972,-6.1951985,13.437546,PD
0.17509624,1061.2745372489296,1496.1843893131247,1442.1087682599853,0.05053566475591716,-195.7306,92.71383,-0.4573327,11.645607,-29.509184,-18.886972,-17.186094,-15.555478,-14.514407,-12.45742,-15.072754,-16.033978,-16.182728,1.0467972,-3.375777,2.380327,4.3156624,1.2570165,-7.985105,-9.065551,PD
0.15304981,387.2551885497882,422.70771153287865,536.6037875791139,0.019867072125527425,-491.14276,159.50156,92.7394,45.39567,-2.463294,-18.317478,-7.3399816,-11.879738,-11.426779,5.9656034,2.8052676,-4.461119,1.9841858,-4.7564273,-11.969937,-1.851523,0.5959054,-5.6367207,-0.05813446,0.45693526,PD
0.19130419,505.6561205769038,773.8458407221041,736.9053622159091,0.023359375,-526.5259,165.1437,82.40225,32.719227,-7.8736196,0.60755694,4.98142,6.6243052,-0.7116637,4.7566633,2.5807164,-4.078028,-7.188933,2.6876607,2.0960422,-4.9755177,11.333198,-0.2809005,0.3695172,-5.4541025,PD
0.17474249,416.9424794938539,710.1960531530046,532.208744172127,0.01578251008064516,-478.47952,173.27536,73.88067,31.849434,-17.175093,-9.028161,-3.822654,3.1204026,-6.4737873,-1.4729546,7.421963,-5.021823,-13.945961,-12.43377,-4.258698,-9.026067,-2.5329401,4.523176,-3.6205473,-8.600279,PD
0.299392,354.96450936060785,506.9921303970128,479.38821231617646,0.021798406862745097,-439.95807,199.07318,67.123116,60.793938,0.7205285,-28.151535,-11.835304,6.056769,-0.4609514,-5.634459,4.6101284,-12.911124,-1.3447266,-10.04715,-31.315533,9.423284,-0.070116445,-18.074202,8.226424,4.2217836,PD
0.13695788,535.489777843509,736.7740009156083,612.389161716254,0.02656842801517572,-458.58746,153.45651,42.423683,44.036858,-26.577644,-22.07293,7.562514,-10.813361,2.3579214,-9.745582,-25.044024,-8.8719,-23.206142,-4.91044,16.463606,-8.610914,7.4109044,7.733601,-14.0388565,-7.2532043,PD
0.25103465,416.3224373628369,899.5181083148237,461.7333984375,0.016530064174107142,-551.301,128.00873,85.76419,63.265743,5.501942,-16.775122,-17.954313,-6.230831,-16.735128,-4.9554234,1.0725006,-4.0940657,3.9147766,-7.721928,-9.614567,-3.9504952,-15.789983,-13.399864,-3.4772456,-0.10796432,PD
0.14619197,689.032688212125,1021.9667838118585,840.0591329562883,0.03634799575025562,-452.44763,139.58986,30.353508,-1.0944247,-12.955554,-10.644665,-9.981581,-16.606123,-10.046069,3.7922478,-6.4896092,-8.59745,-8.204,-10.671889,-6.740361,-5.304797,-2.2911294,2.5766776,-2.56372,1.3732156,PD
0.24727891,455.9742465151383,762.8196452958493,549.7044717111895,0.02279564642137097,-462.09802,176.9255,64.31751,61.90249,-28.839895,-23.647842,9.542619,17.872734,-13.524042,-8.8517475,13.010531,-29.001793,-18.088436,1.2773346,-13.602462,-3.7774491,9.815039,2.6594784,-4.641539,0.19007203,PD
0.2586743,393.42360961291604,574.2417846222226,538.7855881911057,0.022008338341346155,-418.53796,201.90451,66.53567,41.968685,-15.502668,-25.013477,-12.239671,1.4587696,2.2044582,-6.6461086,-11.6827,-4.571445,-10.697797,-21.907612,-6.1562333,-1.55227,4.8087974,-4.001126,-7.5035553,8.946583,PD
0.18077327,494.4569205612432,884.7005480979028,614.8675511571653,0.016579089304393304,-463.63834,163.06447,46.959663,52.795788,-31.310032,-8.02062,8.345881,8.806889,5.7337813,-12.543735,-7.63945,-21.535866,-11.299494,-18.111078,-6.4152236,12.134534,-17.603298,-3.1666095,-2.5958261,-20.260176,PD
0.16994129,427.1191249112098,865.4433196079746,394.2127292439089,0.015144994703389831,-398.9662,159.6817,69.123764,27.624239,-3.6254628,5.204791,-7.714528,41.604427,6.7554674,-21.453253,-3.0979536,-14.468356,-12.557532,-12.710665,10.073511,4.3828077,-11.946824,-3.968348,1.9497635,-4.770974,PD
0.24941388,489.375591093038,681.6370306035998,599.9091929440045,0.026789186227375566,-433.22424,166.22993,46.928684,60.999813,-9.983149,-50.84379,-6.3130193,-6.1886783,-37.804794,-1.6373061,1.9081903,-12.215439,-3.0752394,-15.671323,-8.072515,-10.661005,-11.06239,-2.740564,-5.1246967,-1.937438,PD
0.17941853,702.3101073300321,931.9623710276518,873.4249630489865,0.03142909930019305,-356.5,152.88176,-2.877386,59.22902,-37.517277,-38.144836,7.1121964,-5.4100976,-2.5770366,-3.5481806,-11.838369,-14.194645,-11.701847,-20.499205,-6.1192946,4.834501,-3.3685167,5.2090287,-2.1623101,-6.106155,PD
0.12772632,624.7065614690126,1076.3857941925626,646.7811584472656,0.03766038682725695,-460.13882,116.07636,45.25691,8.170292,-22.749327,-19.320086,2.4532769,-13.860938,-8.17635,-1.217462,-6.535902,-9.014576,-5.987892,-6.502231,2.4346814,6.6203575,5.141195,1.8459113,-1.1406237,-5.996317,PD
0.23981898,601.3530698292795,1078.3635836295693,872.6270465759569,0.020669015400717704,-661.4775,141.63327,68.174774,32.263557,-3.8067026,-11.700019,-6.18475,1.9100192,3.0880861,-8.773963,-1.2520841,3.466337,-10.892108,-9.568618,-2.1465712,-3.116387,-5.590416,-2.814891,1.1819577,-2.8847973,PD
0.23920357,393.70742051782497,741.936593699703,524.0452563668799,0.010711429625984252,-496.11835,162.39592,73.38318,36.5459,-12.543327,-3.2184699,6.9135885,-1.6144882,1.9211041,-1.0406567,-1.4806834,-0.25127202,-9.364326,-13.483673,-1.7227226,-0.10240351,-6.0740957,2.9293046,0.89511937,-15.668719,PD
0.22432345,484.5064302805277,971.69093272148,571.783447265625,0.024305943080357145,-505.56458,132.6589,68.81722,35.955383,-2.5453875,-28.182339,-2.6446698,1.1175108,-31.573235,0.51152647,2.5928931,-5.54768,-11.982902,-5.1138954,-13.140882,-6.0401907,-9.929866,6.1976004,-9.63661,-4.9769244,PD
0.1366811,382.72550056726936,731.088356214802,449.0826416015625,0.024014718191964286,-476.14084,124.768135,78.98207,46.960796,-9.547063,-18.905357,-12.499848,-12.7876835,-14.999019,-5.0524607,0.8866373,-10.2973175,-11.975635,5.1860456,-17.076887,-13.70388,-3.3209429,-9.029658,-9.46967,5.431677,PD
0.15072079,403.059813187569,870.7300368023808,400.7398069116993,0.013612794706405694,-443.19083,117.40978,71.314644,27.703646,-6.2919316,13.08098,-9.830093,12.023532,14.317258,-10.628655,-3.9525685,-17.844929,-9.881076,-5.769545,-17.362377,4.7488117,3.8098936,-2.620772,-0.9478207,-7.838347,PD
0.15154806,381.4520535515807,500.61638458747694,561.5588090551181,0.026153804749015748,-466.70926,165.23462,64.091774,60.314453,7.281793,-38.14434,-4.9551272,9.902321,-18.376423,-10.359946,12.3463545,-6.517556,-13.011796,-6.5949492,-18.355423,-10.7915535,-6.828219,-12.756918,0.7237538,0.5895491,PD
0.17158706,537.3082284376391,780.8721582379284,733.6669921875,0.026749894425675675,-385.51266,175.38739,17.242561,63.58427,11.798662,-56.771816,-4.450957,25.949114,-14.22282,-4.2710195,-2.682315,-16.70933,-11.135124,-26.439201,-16.042627,7.1029053,-6.8521323,-4.0878367,10.466503,-9.7179985,PD
0.13540259,627.4158317428343,1164.9585864175585,762.890625,0.020560128348214284,-515.5661,89.684,46.380672,33.99429,-15.295749,-15.085624,-15.83471,9.7981415,-6.389821,-1.1530999,-15.088118,-18.543314,-16.629932,-18.275131,-19.227285,8.353946,4.7908044,-18.011042,10.776392,-7.181691,PD
0.1575065,389.50763821319936,637.3938468245707,446.4061390269886,0.017770478219696968,-437.31577,145.44951,72.42384,44.196404,-0.83003443,-24.680542,-17.633968,3.4758277,-6.5051103,-4.45887,-6.046424,-14.423421,-10.656312,-23.066336,-13.712328,-5.131278,-6.966548,-8.515575,1.7010101,6.724848,PD
